PlantId,CustomerId,Customer,Date,FirmOrders,ShippedQty
1,1,Panwar Traders,1-Jan-15,1178,1138
5,1,Panwar Traders,2-Jan-15,4250,4210
1,1,Panwar Traders,3-Jan-15,1322,1282
6,1,Panwar Traders,4-Jan-15,394,354
1,1,Panwar Traders,5-Jan-15,1466,1426
6,1,Panwar Traders,6-Jan-15,538,498
1,1,Panwar Traders,10-Jan-15,1826,1786
1,1,Panwar Traders,11-Jan-15,1898,1858
1,1,Panwar Traders,12-Jan-15,1370,1330
2,2,Diwan Singh & Sons,13-Jan-15,139,299
2,2,Diwan Singh & Sons,14-Jan-15,160,120
2,2,Diwan Singh & Sons,15-Jan-15,200,160
2,2,Diwan Singh & Sons,16-Jan-15,240,200
2,2,Diwan Singh & Sons,17-Jan-15,280,240
2,2,Diwan Singh & Sons,18-Jan-15,120,180
2,2,Diwan Singh & Sons,19-Jan-15,360,320
2,2,Diwan Singh & Sons,20-Jan-15,400,360
2,2,Diwan Singh & Sons,21-Jan-15,440,400
2,2,Diwan Singh & Sons,22-Jan-15,480,440
2,2,Diwan Singh & Sons,23-Jan-15,520,480
2,2,Diwan Singh & Sons,24-Jan-15,560,520
3,3,Datta Steel Mart,25-Jan-15,1600,1560
3,3,Datta Steel Mart,26-Jan-15,1640,1600
3,3,Datta Steel Mart,27-Jan-15,1680,1640
3,3,Datta Steel Mart,28-Jan-15,1720,1680
3,3,Datta Steel Mart,29-Jan-15,1760,1720
3,3,Datta Steel Mart,30-Jan-15,1800,1760
3,3,Datta Steel Mart,31-Jan-15,1840,1800
3,3,Datta Steel Mart,1-Feb-15,1880,1840
3,3,Datta Steel Mart,2-Feb-15,1920,1880
3,3,Datta Steel Mart,3-Feb-15,1960,1920
3,3,Datta Steel Mart,4-Feb-15,1600,1600
3,3,Datta Steel Mart,5-Feb-15,1640,1600
4,4,Morris Downing & Sherred,6-Feb-15,4918,4878
4,4,Morris Downing & Sherred,7-Feb-15,3000,3000
4,4,Morris Downing & Sherred,8-Feb-15,3000,3000
4,4,Morris Downing & Sherred,9-Feb-15,3000,3000
4,4,Morris Downing & Sherred,10-Feb-15,3000,3000
4,4,Morris Downing & Sherred,11-Feb-15,3558,3558
4,4,Morris Downing & Sherred,12-Feb-15,4918,4878
4,4,Morris Downing & Sherred,13-Feb-15,4950,4910
4,4,Morris Downing & Sherred,14-Feb-15,4459,4419
4,4,Morris Downing & Sherred,15-Feb-15,3492,3452
4,4,Morris Downing & Sherred,16-Feb-15,3525,3485
4,4,Morris Downing & Sherred,17-Feb-15,3558,3518
5,5,"Buelt, David L Esq",18-Feb-15,4195,4155
5,5,"Buelt, David L Esq",19-Feb-15,4228,4188
5,5,"Buelt, David L Esq",20-Feb-15,4261,4221
5,5,"Buelt, David L Esq",21-Feb-15,4294,4254
5,5,"Buelt, David L Esq",22-Feb-15,4327,4287
5,5,"Buelt, David L Esq",23-Feb-15,3360,3320
5,5,"Buelt, David L Esq",24-Feb-15,3393,3353
5,5,"Buelt, David L Esq",25-Feb-15,3426,3386
5,5,"Buelt, David L Esq",26-Feb-15,3459,3419
5,5,"Buelt, David L Esq",27-Feb-15,3492,3452
5,5,"Buelt, David L Esq",28-Feb-15,3525,3485
5,5,"Buelt, David L Esq",1-Mar-15,3558,3518
3,6,Artesian Ice & Cold Storage Co,2-Mar-15,1591,1551
6,6,Artesian Ice & Cold Storage Co,3-Mar-15,624,584
6,6,Artesian Ice & Cold Storage Co,4-Mar-15,657,617
6,6,Artesian Ice & Cold Storage Co,6-Mar-15,723,683
3,6,Artesian Ice & Cold Storage Co,7-Mar-15,1756,1716
6,6,Artesian Ice & Cold Storage Co,8-Mar-15,789,749
6,6,Artesian Ice & Cold Storage Co,9-Mar-15,822,782
1,6,Artesian Ice & Cold Storage Co,10-Mar-15,1855,1815
6,6,Artesian Ice & Cold Storage Co,11-Mar-15,888,848
3,6,Artesian Ice & Cold Storage Co,12-Mar-15,1921,1881
6,6,Artesian Ice & Cold Storage Co,13-Mar-15,954,914
1,7,Midway Hotel,14-Mar-15,1600,1480
1,7,Midway Hotel,15-Mar-15,1560,1520
1,7,Midway Hotel,16-Mar-15,1640,1600
1,7,Midway Hotel,17-Mar-15,1174,1134
1,7,Midway Hotel,18-Mar-15,1263,1223
1,7,Midway Hotel,19-Mar-15,1352,1312
5,7,Midway Hotel,20-Mar-15,3441,3401
1,7,Midway Hotel,21-Mar-15,1530,1490
1,7,Midway Hotel,22-Mar-15,1619,1579
6,7,Midway Hotel,23-Mar-15,708,668
1,7,Midway Hotel,24-Mar-15,1797,1757
1,7,Midway Hotel,25-Mar-15,1886,1846
2,8,"Selsor, Robert J Esq",26-Mar-15,975,935
2,8,"Selsor, Robert J Esq",27-Mar-15,106,66
2,8,"Selsor, Robert J Esq",28-Mar-15,86,46
2,8,"Selsor, Robert J Esq",29-Mar-15,118,78
2,8,"Selsor, Robert J Esq",30-Mar-15,150,110
2,8,"Selsor, Robert J Esq",31-Mar-15,182,142
2,8,"Selsor, Robert J Esq",1-Apr-15,214,174
2,8,"Selsor, Robert J Esq",2-Apr-15,246,206
2,8,"Selsor, Robert J Esq",3-Apr-15,278,238
2,8,"Selsor, Robert J Esq",4-Apr-15,310,270
2,8,"Selsor, Robert J Esq",5-Apr-15,342,302
2,8,"Selsor, Robert J Esq",6-Apr-15,374,334
3,9,Vincent J Petti & Co,7-Apr-15,1406,1366
3,9,Vincent J Petti & Co,8-Apr-15,1438,1398
3,9,Vincent J Petti & Co,9-Apr-15,1470,1430
3,9,Vincent J Petti & Co,10-Apr-15,1502,1462
3,9,Vincent J Petti & Co,11-Apr-15,2534,2494
3,9,Vincent J Petti & Co,12-Apr-15,2566,2526
3,9,Vincent J Petti & Co,13-Apr-15,2598,2558
3,9,Vincent J Petti & Co,14-Apr-15,2630,2590
3,9,Vincent J Petti & Co,15-Apr-15,2662,2622
3,9,Vincent J Petti & Co,16-Apr-15,2694,2654
3,9,Vincent J Petti & Co,17-Apr-15,2726,2686
3,9,Vincent J Petti & Co,18-Apr-15,2758,2718
4,10,"Prentiss, Paul F Esq",19-Apr-15,4918,4878
4,10,"Prentiss, Paul F Esq",20-Apr-15,4950,4910
4,10,"Prentiss, Paul F Esq",21-Apr-15,4459,4419
4,10,"Prentiss, Paul F Esq",22-Apr-15,3492,3452
4,10,"Prentiss, Paul F Esq",23-Apr-15,3525,3485
4,10,"Prentiss, Paul F Esq",24-Apr-15,3558,3518
4,10,"Prentiss, Paul F Esq",25-Apr-15,4918,4878
4,10,"Prentiss, Paul F Esq",26-Apr-15,4950,4910
4,10,"Prentiss, Paul F Esq",27-Apr-15,4459,4419
4,10,"Prentiss, Paul F Esq",28-Apr-15,3492,3452
4,10,"Prentiss, Paul F Esq",29-Apr-15,3525,3485
4,10,"Prentiss, Paul F Esq",30-Apr-15,3558,3518
5,11,Public Works Department,1-May-15,3610,3570
5,11,Public Works Department,2-May-15,3682,3642
5,11,Public Works Department,3-May-15,3754,714
5,11,Public Works Department,4-May-15,826,786
5,11,Public Works Department,5-May-15,4261,4221
5,11,Public Works Department,6-May-15,4294,4254
5,11,Public Works Department,7-May-15,4327,4287
5,11,Public Works Department,8-May-15,3360,3320
5,11,Public Works Department,9-May-15,3393,3353
5,11,Public Works Department,10-May-15,3426,3386
5,11,Public Works Department,11-May-15,3459,3419
5,11,Public Works Department,12-May-15,3492,3452
6,12,Prudential Lighting Corp,13-May-15,3525,3485
6,12,Prudential Lighting Corp,14-May-15,3558,3518
6,12,Prudential Lighting Corp,15-May-15,440,400
1,12,Prudential Lighting Corp,16-May-15,1480,1440
6,12,Prudential Lighting Corp,17-May-15,520,480
3,12,Prudential Lighting Corp,18-May-15,2560,2520
6,12,Prudential Lighting Corp,19-May-15,600,560
6,12,Prudential Lighting Corp,20-May-15,640,600
6,12,Prudential Lighting Corp,21-May-15,680,640
1,12,Prudential Lighting Corp,22-May-15,1720,1680
6,12,Prudential Lighting Corp,23-May-15,760,720
6,12,Prudential Lighting Corp,24-May-15,800,760
1,13,"Wood, J Scott Esq",25-May-15,1840,1800
3,13,"Wood, J Scott Esq",26-May-15,2880,2840
1,13,"Wood, J Scott Esq",27-May-15,1920,1880
1,13,"Wood, J Scott Esq",28-May-15,1960,1920
5,13,"Wood, J Scott Esq",29-May-15,600,600
6,13,"Wood, J Scott Esq",30-May-15,640,600
1,13,"Wood, J Scott Esq",31-May-15,1990,1920
1,13,"Wood, J Scott Esq",1-Jun-15,1350,1310
1,13,"Wood, J Scott Esq",2-Jun-15,1800,1800
6,13,"Wood, J Scott Esq",3-Jun-15,930,890
1,13,"Wood, J Scott Esq",4-Jun-15,1120,1100
1,13,"Wood, J Scott Esq",5-Jun-15,1500,1466
2,14,Swanson Peterson Fnrl Home Inc,6-Jun-15,92,52
2,14,Swanson Peterson Fnrl Home Inc,7-Jun-15,78,38
2,14,Swanson Peterson Fnrl Home Inc,8-Jun-15,64,24
2,14,Swanson Peterson Fnrl Home Inc,9-Jun-15,50,10
2,14,Swanson Peterson Fnrl Home Inc,10-Jun-15,129,89
2,14,Swanson Peterson Fnrl Home Inc,11-Jun-15,162,122
2,14,Swanson Peterson Fnrl Home Inc,12-Jun-15,195,155
2,14,Swanson Peterson Fnrl Home Inc,13-Jun-15,228,188
2,14,Swanson Peterson Fnrl Home Inc,14-Jun-15,261,221
2,14,Swanson Peterson Fnrl Home Inc,15-Jun-15,294,254
2,14,Swanson Peterson Fnrl Home Inc,16-Jun-15,327,287
2,14,Swanson Peterson Fnrl Home Inc,17-Jun-15,360,320
3,15,Old Cider Mill Grove,18-Jun-15,2393,2353
3,15,Old Cider Mill Grove,19-Jun-15,2426,2386
3,15,Old Cider Mill Grove,20-Jun-15,2459,2419
3,15,Old Cider Mill Grove,21-Jun-15,2492,2452
3,15,Old Cider Mill Grove,22-Jun-15,2525,2485
3,15,Old Cider Mill Grove,23-Jun-15,2558,2518
3,15,Old Cider Mill Grove,24-Jun-15,2591,2551
3,15,Old Cider Mill Grove,25-Jun-15,2624,2584
3,15,Old Cider Mill Grove,26-Jun-15,2657,2617
3,15,Old Cider Mill Grove,27-Jun-15,2690,2650
3,15,Old Cider Mill Grove,28-Jun-15,2723,2683
3,15,Old Cider Mill Grove,29-Jun-15,2756,2716
4,16,Cooper Myers Y Co,30-Jun-15,4918,4878
4,16,Cooper Myers Y Co,1-Jul-15,4950,4910
4,16,Cooper Myers Y Co,2-Jul-15,4459,4419
4,16,Cooper Myers Y Co,3-Jul-15,3492,3452
4,16,Cooper Myers Y Co,4-Jul-15,3525,3485
4,16,Cooper Myers Y Co,5-Jul-15,3558,3518
4,16,Cooper Myers Y Co,6-Jul-15,4918,4878
4,16,Cooper Myers Y Co,7-Jul-15,4950,4910
4,16,Cooper Myers Y Co,8-Jul-15,4459,4419
4,16,Cooper Myers Y Co,9-Jul-15,3492,3452
4,16,Cooper Myers Y Co,10-Jul-15,3525,3485
4,16,Cooper Myers Y Co,11-Jul-15,3558,3518
5,17,Angelo International,12-Jul-15,441,401
5,17,Angelo International,13-Jul-15,530,490
5,17,Angelo International,14-Jul-15,619,579
5,17,Angelo International,15-Jul-15,708,668
5,17,Angelo International,16-Jul-15,797,757
5,17,Angelo International,17-Jul-15,886,846
5,17,Angelo International,18-Jul-15,4261,4221
5,17,Angelo International,19-Jul-15,4294,4254
5,17,Angelo International,20-Jul-15,4327,4287
5,17,Angelo International,21-Jul-15,3360,3320
5,17,Angelo International,22-Jul-15,3393,3353
5,17,Angelo International,23-Jul-15,3426,3386
1,18,"Blackley, William J Pa",24-Jul-15,3459,3419
6,18,"Blackley, William J Pa",25-Jul-15,3492,3452
6,18,"Blackley, William J Pa",26-Jul-15,3525,3485
6,18,"Blackley, William J Pa",27-Jul-15,3558,3518
6,18,"Blackley, William J Pa",28-Jul-15,342,302
6,18,"Blackley, William J Pa",29-Jul-15,374,334
6,18,"Blackley, William J Pa",30-Jul-15,406,366
6,18,"Blackley, William J Pa",31-Jul-15,438,398
6,18,"Blackley, William J Pa",1-Aug-15,470,430
6,18,"Blackley, William J Pa",2-Aug-15,502,462
6,18,"Blackley, William J Pa",3-Aug-15,534,494
6,18,"Blackley, William J Pa",4-Aug-15,566,526
1,19,Phoenix Phototype,5-Aug-15,1598,1558
1,19,Phoenix Phototype,6-Aug-15,1000,1000
1,19,Phoenix Phototype,7-Aug-15,1662,1622
5,19,Phoenix Phototype,8-Aug-15,694,654
1,19,Phoenix Phototype,9-Aug-15,1726,1686
1,19,Phoenix Phototype,10-Aug-15,1200,1180
1,19,Phoenix Phototype,11-Aug-15,1790,1750
1,19,Phoenix Phototype,12-Aug-15,1822,1782
1,19,Phoenix Phototype,13-Aug-15,1854,1814
1,19,Phoenix Phototype,14-Aug-15,1886,1846
6,19,Phoenix Phototype,15-Aug-15,918,878
1,19,Phoenix Phototype,16-Aug-15,1950,1910
2,20,Quartzite Processing Inc,17-Aug-15,178,138
2,20,Quartzite Processing Inc,18-Aug-15,250,210
2,20,Quartzite Processing Inc,19-Aug-15,322,282
2,20,Quartzite Processing Inc,20-Aug-15,394,354
2,20,Quartzite Processing Inc,21-Aug-15,466,426
2,20,Quartzite Processing Inc,22-Aug-15,538,498
2,20,Quartzite Processing Inc,23-Aug-15,610,570
2,20,Quartzite Processing Inc,24-Aug-15,682,642
2,20,Quartzite Processing Inc,25-Aug-15,754,714
2,20,Quartzite Processing Inc,26-Aug-15,826,786
2,20,Quartzite Processing Inc,27-Aug-15,898,858
2,20,Quartzite Processing Inc,28-Aug-15,970,930
3,21,Biltmore Textile Co Inc,29-Aug-15,2540,2485
3,21,Biltmore Textile Co Inc,30-Aug-15,2160,2120
3,21,Biltmore Textile Co Inc,31-Aug-15,2200,2160
3,21,Biltmore Textile Co Inc,1-Sep-15,2240,2200
3,21,Biltmore Textile Co Inc,2-Sep-15,2280,2240
3,21,Biltmore Textile Co Inc,3-Sep-15,2320,2280
3,21,Biltmore Textile Co Inc,4-Sep-15,2360,2320
3,21,Biltmore Textile Co Inc,5-Sep-15,2400,2360
3,21,Biltmore Textile Co Inc,6-Sep-15,2440,2400
3,21,Biltmore Textile Co Inc,7-Sep-15,2480,2440
3,21,Biltmore Textile Co Inc,8-Sep-15,3520,3480
3,21,Biltmore Textile Co Inc,9-Sep-15,3560,3520
4,22,Gateway Refrigeration,10-Sep-15,600,560
4,22,Gateway Refrigeration,11-Sep-15,640,600
4,22,Gateway Refrigeration,12-Sep-15,680,640
4,22,Gateway Refrigeration,13-Sep-15,720,680
4,22,Gateway Refrigeration,14-Sep-15,760,720
4,22,Gateway Refrigeration,15-Sep-15,4918,4878
4,22,Gateway Refrigeration,16-Sep-15,4950,4910
4,22,Gateway Refrigeration,17-Sep-15,4459,4419
4,22,Gateway Refrigeration,18-Sep-15,3492,3452
4,22,Gateway Refrigeration,19-Sep-15,3525,3485
4,22,Gateway Refrigeration,20-Sep-15,3558,3518
4,22,Gateway Refrigeration,21-Sep-15,640,600
5,23,Anchorage Yamaha,22-Sep-15,90,50
5,23,Anchorage Yamaha,23-Sep-15,350,310
5,23,Anchorage Yamaha,24-Sep-15,640,600
5,23,Anchorage Yamaha,25-Sep-15,930,890
5,23,Anchorage Yamaha,26-Sep-15,4261,4221
5,23,Anchorage Yamaha,27-Sep-15,4294,4254
5,23,Anchorage Yamaha,28-Sep-15,4327,4287
5,23,Anchorage Yamaha,29-Sep-15,3360,3320
5,23,Anchorage Yamaha,30-Sep-15,3393,3353
5,23,Anchorage Yamaha,1-Oct-15,3426,3386
5,23,Anchorage Yamaha,2-Oct-15,3459,3419
5,23,Anchorage Yamaha,3-Oct-15,3492,3452
6,24,Wynns Precision Inc Az Div,4-Oct-15,3525,3485
1,24,Wynns Precision Inc Az Div,5-Oct-15,3558,3518
6,24,Wynns Precision Inc Az Div,6-Oct-15,261,221
6,24,Wynns Precision Inc Az Div,7-Oct-15,294,254
6,24,Wynns Precision Inc Az Div,8-Oct-15,327,287
6,24,Wynns Precision Inc Az Div,9-Oct-15,360,320
6,24,Wynns Precision Inc Az Div,10-Oct-15,393,353
6,24,Wynns Precision Inc Az Div,11-Oct-15,426,386
6,24,Wynns Precision Inc Az Div,12-Oct-15,459,419
1,24,Wynns Precision Inc Az Div,13-Oct-15,1492,1452
6,24,Wynns Precision Inc Az Div,14-Oct-15,525,485
6,24,Wynns Precision Inc Az Div,15-Oct-15,558,518
1,25,Paragon Cable Tv,16-Oct-15,1591,1551
1,25,Paragon Cable Tv,17-Oct-15,1624,1584
6,25,Paragon Cable Tv,18-Oct-15,657,617
1,25,Paragon Cable Tv,19-Oct-15,1690,1650
1,25,Paragon Cable Tv,20-Oct-15,1723,1683
6,25,Paragon Cable Tv,21-Oct-15,756,716
1,25,Paragon Cable Tv,22-Oct-15,1789,1749
1,25,Paragon Cable Tv,23-Oct-15,1822,1782
1,25,Paragon Cable Tv,24-Oct-15,1855,1815
1,25,Paragon Cable Tv,25-Oct-15,1888,1848
6,25,Paragon Cable Tv,26-Oct-15,921,881
1,25,Paragon Cable Tv,27-Oct-15,1954,1914
2,26,Eagle Computer Services Inc,28-Oct-15,600,480
2,26,Eagle Computer Services Inc,29-Oct-15,560,520
2,26,Eagle Computer Services Inc,30-Oct-15,640,600
2,26,Eagle Computer Services Inc,31-Oct-15,174,134
2,26,Eagle Computer Services Inc,1-Nov-15,263,223
2,26,Eagle Computer Services Inc,2-Nov-15,352,312
2,26,Eagle Computer Services Inc,3-Nov-15,441,401
2,26,Eagle Computer Services Inc,4-Nov-15,530,490
2,26,Eagle Computer Services Inc,5-Nov-15,619,579
2,26,Eagle Computer Services Inc,6-Nov-15,708,668
2,26,Eagle Computer Services Inc,7-Nov-15,797,757
2,26,Eagle Computer Services Inc,8-Nov-15,886,846
3,27,Kansas Association Ins Agtts,9-Nov-15,3975,3935
3,27,Kansas Association Ins Agtts,10-Nov-15,3106,3066
3,27,Kansas Association Ins Agtts,11-Nov-15,3386,3046
3,27,Kansas Association Ins Agtts,12-Nov-15,3118,3078
3,27,Kansas Association Ins Agtts,13-Nov-15,3150,110
3,27,Kansas Association Ins Agtts,14-Nov-15,182,142
3,27,Kansas Association Ins Agtts,15-Nov-15,214,174
3,27,Kansas Association Ins Agtts,16-Nov-15,246,206
3,27,Kansas Association Ins Agtts,17-Nov-15,278,238
3,27,Kansas Association Ins Agtts,18-Nov-15,310,270
3,27,Kansas Association Ins Agtts,19-Nov-15,342,302
3,27,Kansas Association Ins Agtts,20-Nov-15,374,334
4,28,"Di Giacomo, Richard F Esq",21-Nov-15,406,366
4,28,"Di Giacomo, Richard F Esq",22-Nov-15,3000,2900
4,28,"Di Giacomo, Richard F Esq",23-Nov-15,3000,2900
4,28,"Di Giacomo, Richard F Esq",24-Nov-15,3000,2900
4,28,"Di Giacomo, Richard F Esq",25-Nov-15,3000,2900
4,28,"Di Giacomo, Richard F Esq",26-Nov-15,3000,2900
4,28,"Di Giacomo, Richard F Esq",27-Nov-15,3000,2900
4,28,"Di Giacomo, Richard F Esq",28-Nov-15,630,590
4,28,"Di Giacomo, Richard F Esq",29-Nov-15,662,622
4,28,"Di Giacomo, Richard F Esq",30-Nov-15,4918,4878
4,28,"Di Giacomo, Richard F Esq",1-Dec-15,4950,4910
4,28,"Di Giacomo, Richard F Esq",2-Dec-15,4459,4419
5,29,"Butler, Frank B Esq",3-Dec-15,3492,3452
5,29,"Butler, Frank B Esq",4-Dec-15,3525,3485
5,29,"Butler, Frank B Esq",5-Dec-15,3558,3518
5,29,"Butler, Frank B Esq",6-Dec-15,886,846
5,29,"Butler, Frank B Esq",7-Dec-15,918,878
5,29,"Butler, Frank B Esq",8-Dec-15,4261,4221
5,29,"Butler, Frank B Esq",9-Dec-15,4294,4254
5,29,"Butler, Frank B Esq",10-Dec-15,4327,4287
5,29,"Butler, Frank B Esq",11-Dec-15,3360,3320
5,29,"Butler, Frank B Esq",12-Dec-15,3393,3353
5,29,"Butler, Frank B Esq",13-Dec-15,3426,3386
5,29,"Butler, Frank B Esq",14-Dec-15,3459,3419
6,30,Alphagraphics Printshops,15-Dec-15,3492,3452
6,30,Alphagraphics Printshops,16-Dec-15,3525,3485
6,30,Alphagraphics Printshops,17-Dec-15,3558,3518
1,30,Alphagraphics Printshops,18-Dec-15,1826,1786
6,30,Alphagraphics Printshops,19-Dec-15,898,858
6,30,Alphagraphics Printshops,20-Dec-15,970,930
6,30,Alphagraphics Printshops,21-Dec-15,540,485
6,30,Alphagraphics Printshops,22-Dec-15,160,120
6,30,Alphagraphics Printshops,23-Dec-15,200,160
6,30,Alphagraphics Printshops,24-Dec-15,240,200
6,30,Alphagraphics Printshops,25-Dec-15,280,240
6,30,Alphagraphics Printshops,26-Dec-15,320,280
1,31,Voyager Travel Service,27-Dec-15,1360,1320
1,31,Voyager Travel Service,28-Dec-15,1400,1360
1,31,Voyager Travel Service,29-Dec-15,1440,1400
1,31,Voyager Travel Service,30-Dec-15,1480,1440
1,31,Voyager Travel Service,31-Dec-15,1520,1480
6,31,Voyager Travel Service,1-Jan-16,560,520
1,31,Voyager Travel Service,2-Jan-16,1600,1560
5,31,Voyager Travel Service,3-Jan-16,640,600
1,31,Voyager Travel Service,4-Jan-16,1680,1640
1,31,Voyager Travel Service,5-Jan-16,1720,1680
6,31,Voyager Travel Service,6-Jan-16,760,720
1,31,Voyager Travel Service,7-Jan-16,1800,1760
2,32,N Amer Plast & Chemls Co Inc,8-Jan-16,840,800
2,32,N Amer Plast & Chemls Co Inc,9-Jan-16,880,840
2,32,N Amer Plast & Chemls Co Inc,10-Jan-16,920,880
2,32,N Amer Plast & Chemls Co Inc,11-Jan-16,960,920
2,32,N Amer Plast & Chemls Co Inc,12-Jan-16,600,600
2,32,N Amer Plast & Chemls Co Inc,13-Jan-16,640,600
2,32,N Amer Plast & Chemls Co Inc,14-Jan-16,90,50
2,32,N Amer Plast & Chemls Co Inc,15-Jan-16,350,310
2,32,N Amer Plast & Chemls Co Inc,16-Jan-16,640,600
2,32,N Amer Plast & Chemls Co Inc,17-Jan-16,930,890
2,32,N Amer Plast & Chemls Co Inc,18-Jan-16,120,80
2,32,N Amer Plast & Chemls Co Inc,19-Jan-16,106,66
3,33,D L Downing General Contr Inc,20-Jan-16,92,52
3,33,D L Downing General Contr Inc,21-Jan-16,78,38
3,33,D L Downing General Contr Inc,22-Jan-16,64,24
3,33,D L Downing General Contr Inc,23-Jan-16,50,10
3,33,D L Downing General Contr Inc,24-Jan-16,129,89
3,33,D L Downing General Contr Inc,25-Jan-16,162,122
3,33,D L Downing General Contr Inc,26-Jan-16,195,155
3,33,D L Downing General Contr Inc,27-Jan-16,228,188
3,33,D L Downing General Contr Inc,28-Jan-16,261,221
3,33,D L Downing General Contr Inc,29-Jan-16,294,254
3,33,D L Downing General Contr Inc,30-Jan-16,327,287
3,33,D L Downing General Contr Inc,31-Jan-16,360,320
4,34,Community Insurance Agy Inc,1-Feb-16,393,353
4,34,Community Insurance Agy Inc,2-Feb-16,426,386
4,34,Community Insurance Agy Inc,3-Feb-16,459,419
4,34,Community Insurance Agy Inc,4-Feb-16,492,452
4,34,Community Insurance Agy Inc,5-Feb-16,525,485
4,34,Community Insurance Agy Inc,6-Feb-16,2000,2000
4,34,Community Insurance Agy Inc,7-Feb-16,2000,2000
4,34,Community Insurance Agy Inc,8-Feb-16,2000,2000
4,34,Community Insurance Agy Inc,9-Feb-16,2000,2000
4,34,Community Insurance Agy Inc,10-Feb-16,2000,2000
4,34,Community Insurance Agy Inc,11-Feb-16,2000,2000
4,34,Community Insurance Agy Inc,12-Feb-16,756,716
5,35,House Of Ing,13-Feb-16,789,749
5,35,House Of Ing,14-Feb-16,822,782
5,35,House Of Ing,15-Feb-16,855,815
5,35,House Of Ing,16-Feb-16,888,848
5,35,House Of Ing,17-Feb-16,4261,4221
5,35,House Of Ing,18-Feb-16,4294,4254
5,35,House Of Ing,19-Feb-16,4327,4287
5,35,House Of Ing,20-Feb-16,3360,3320
5,35,House Of Ing,21-Feb-16,3393,3353
5,35,House Of Ing,22-Feb-16,3426,3386
5,35,House Of Ing,23-Feb-16,3459,3419
5,35,House Of Ing,24-Feb-16,3492,3452
6,36,Vei Inc,25-Feb-16,3525,3485
6,36,Vei Inc,26-Feb-16,3558,3518
6,36,Vei Inc,27-Feb-16,619,579
6,36,Vei Inc,28-Feb-16,708,668
6,36,Vei Inc,29-Feb-16,797,757
6,36,Vei Inc,1-Mar-16,886,846
6,36,Vei Inc,2-Mar-16,975,935
6,36,Vei Inc,3-Mar-16,106,66
6,36,Vei Inc,4-Mar-16,86,46
6,36,Vei Inc,5-Mar-16,118,78
6,36,Vei Inc,6-Mar-16,150,110
6,36,Vei Inc,7-Mar-16,182,142
1,37,"Hanna, Robert J Esq",8-Mar-16,1214,1174
1,37,"Hanna, Robert J Esq",9-Mar-16,1246,1206
1,37,"Hanna, Robert J Esq",10-Mar-16,1278,1238
1,37,"Hanna, Robert J Esq",11-Mar-16,1310,1270
1,37,"Hanna, Robert J Esq",12-Mar-16,1342,1302
6,37,"Hanna, Robert J Esq",13-Mar-16,374,334
1,37,"Hanna, Robert J Esq",14-Mar-16,1406,1366
1,37,"Hanna, Robert J Esq",15-Mar-16,1438,1398
1,37,"Hanna, Robert J Esq",16-Mar-16,1470,1430
6,37,"Hanna, Robert J Esq",17-Mar-16,502,462
1,37,"Hanna, Robert J Esq",18-Mar-16,1534,1494
1,37,"Hanna, Robert J Esq",19-Mar-16,1566,1526
2,38,Design Rite Homes Inc,20-Mar-16,598,558
2,38,Design Rite Homes Inc,21-Mar-16,630,590
2,38,Design Rite Homes Inc,22-Mar-16,662,622
2,38,Design Rite Homes Inc,23-Mar-16,694,654
2,38,Design Rite Homes Inc,24-Mar-16,726,686
2,38,Design Rite Homes Inc,25-Mar-16,758,718
2,38,Design Rite Homes Inc,26-Mar-16,790,750
2,38,Design Rite Homes Inc,27-Mar-16,822,782
2,38,Design Rite Homes Inc,28-Mar-16,854,814
2,38,Design Rite Homes Inc,29-Mar-16,886,846
2,38,Design Rite Homes Inc,30-Mar-16,918,878
2,38,Design Rite Homes Inc,31-Mar-16,950,910
3,39,State Library,1-Apr-16,178,138
3,39,State Library,2-Apr-16,250,210
3,39,State Library,3-Apr-16,322,282
3,39,State Library,4-Apr-16,394,354
3,39,State Library,5-Apr-16,466,426
3,39,State Library,6-Apr-16,538,498
3,39,State Library,7-Apr-16,610,570
3,39,State Library,8-Apr-16,682,642
3,39,State Library,9-Apr-16,754,714
3,39,State Library,10-Apr-16,826,786
3,39,State Library,11-Apr-16,898,858
3,39,State Library,12-Apr-16,970,930
4,40,Vista Grande Baptist Church,13-Apr-16,540,485
4,40,Vista Grande Baptist Church,14-Apr-16,2500,2000
4,40,Vista Grande Baptist Church,15-Apr-16,2500,2000
4,40,Vista Grande Baptist Church,16-Apr-16,2500,2000
4,40,Vista Grande Baptist Church,17-Apr-16,2500,2000
4,40,Vista Grande Baptist Church,18-Apr-16,2500,2000
4,40,Vista Grande Baptist Church,19-Apr-16,2500,2000
4,40,Vista Grande Baptist Church,20-Apr-16,400,360
4,40,Vista Grande Baptist Church,21-Apr-16,440,400
4,40,Vista Grande Baptist Church,22-Apr-16,4918,4878
4,40,Vista Grande Baptist Church,23-Apr-16,4950,4910
4,40,Vista Grande Baptist Church,24-Apr-16,4459,4419
5,41,Poole Publications Inc,25-Apr-16,3492,3452
5,41,Poole Publications Inc,26-Apr-16,3525,3485
5,41,Poole Publications Inc,27-Apr-16,3558,3518
5,41,Poole Publications Inc,28-Apr-16,4294,4254
5,41,Poole Publications Inc,29-Apr-16,4327,4287
5,41,Poole Publications Inc,30-Apr-16,3360,3320
5,41,Poole Publications Inc,1-May-16,3393,3353
5,41,Poole Publications Inc,2-May-16,3426,3386
5,41,Poole Publications Inc,3-May-16,3459,3419
5,41,Poole Publications Inc,4-May-16,3492,3452
5,41,Poole Publications Inc,5-May-16,3525,3485
5,41,Poole Publications Inc,6-May-16,3558,3518
6,42,Affilated Consulting Group Inc,7-May-16,90,50
6,42,Affilated Consulting Group Inc,8-May-16,350,310
6,42,Affilated Consulting Group Inc,9-May-16,640,600
6,42,Affilated Consulting Group Inc,10-May-16,930,890
6,42,Affilated Consulting Group Inc,11-May-16,120,80
6,42,Affilated Consulting Group Inc,12-May-16,106,66
6,42,Affilated Consulting Group Inc,13-May-16,92,52
6,42,Affilated Consulting Group Inc,14-May-16,78,38
6,42,Affilated Consulting Group Inc,15-May-16,64,24
6,42,Affilated Consulting Group Inc,16-May-16,50,10
6,42,Affilated Consulting Group Inc,17-May-16,129,89
6,42,Affilated Consulting Group Inc,18-May-16,162,122
1,43,Affilated Consulting Group Inc,19-May-16,1195,1155
1,43,Affilated Consulting Group Inc,20-May-16,1228,1188
1,43,Affilated Consulting Group Inc,21-May-16,1261,1221
6,43,Affilated Consulting Group Inc,22-May-16,294,254
1,43,Affilated Consulting Group Inc,23-May-16,1327,1287
1,43,Affilated Consulting Group Inc,24-May-16,1360,1320
1,43,Affilated Consulting Group Inc,25-May-16,1393,1353
1,43,Affilated Consulting Group Inc,26-May-16,1426,1386
1,43,Affilated Consulting Group Inc,27-May-16,1459,1419
1,43,Affilated Consulting Group Inc,28-May-16,492,452
1,43,Affilated Consulting Group Inc,29-May-16,525,485
1,43,Affilated Consulting Group Inc,30-May-16,558,518
2,44,Northwestern Mutual Life Ins,31-May-16,591,551
2,44,Northwestern Mutual Life Ins,1-Jun-16,624,584
2,44,Northwestern Mutual Life Ins,2-Jun-16,657,617
2,44,Northwestern Mutual Life Ins,3-Jun-16,690,650
2,44,Northwestern Mutual Life Ins,4-Jun-16,723,683
2,44,Northwestern Mutual Life Ins,5-Jun-16,756,716
2,44,Northwestern Mutual Life Ins,6-Jun-16,789,749
2,44,Northwestern Mutual Life Ins,7-Jun-16,822,782
2,44,Northwestern Mutual Life Ins,8-Jun-16,855,815
2,44,Northwestern Mutual Life Ins,9-Jun-16,888,848
2,44,Northwestern Mutual Life Ins,10-Jun-16,921,881
2,44,Northwestern Mutual Life Ins,11-Jun-16,954,914
3,45,Helricks Inc,12-Jun-16,600,480
3,45,Helricks Inc,13-Jun-16,560,520
3,45,Helricks Inc,14-Jun-16,640,600
3,45,Helricks Inc,15-Jun-16,174,134
3,45,Helricks Inc,16-Jun-16,263,223
3,45,Helricks Inc,17-Jun-16,352,312
3,45,Helricks Inc,18-Jun-16,441,401
3,45,Helricks Inc,19-Jun-16,530,490
3,45,Helricks Inc,20-Jun-16,619,579
3,45,Helricks Inc,21-Jun-16,708,668
3,45,Helricks Inc,22-Jun-16,797,757
3,45,Helricks Inc,23-Jun-16,886,846
4,46,"Wynn, Mary Ellen Esq",24-Jun-16,4918,4878
4,46,"Wynn, Mary Ellen Esq",25-Jun-16,3000,3000
4,46,"Wynn, Mary Ellen Esq",26-Jun-16,3000,3000
4,46,"Wynn, Mary Ellen Esq",27-Jun-16,3000,3000
4,46,"Wynn, Mary Ellen Esq",28-Jun-16,3000,3000
4,46,"Wynn, Mary Ellen Esq",29-Jun-16,3000,3000
4,46,"Wynn, Mary Ellen Esq",30-Jun-16,3000,3000
4,46,"Wynn, Mary Ellen Esq",1-Jul-16,3000,3000
4,46,"Wynn, Mary Ellen Esq",2-Jul-16,2200,4419
4,46,"Wynn, Mary Ellen Esq",3-Jul-16,2200,2100
4,46,"Wynn, Mary Ellen Esq",4-Jul-16,2200,2100
4,46,"Wynn, Mary Ellen Esq",5-Jul-16,2200,2100
5,47,Mackraft Signs,6-Jul-16,406,366
5,47,Mackraft Signs,7-Jul-16,438,398
5,47,Mackraft Signs,8-Jul-16,470,430
5,47,Mackraft Signs,9-Jul-16,4261,4221
5,47,Mackraft Signs,10-Jul-16,4294,4254
5,47,Mackraft Signs,11-Jul-16,4327,4287
5,47,Mackraft Signs,12-Jul-16,3360,3320
5,47,Mackraft Signs,13-Jul-16,3393,3353
5,47,Mackraft Signs,14-Jul-16,3426,3386
5,47,Mackraft Signs,15-Jul-16,3459,3419
5,47,Mackraft Signs,16-Jul-16,3492,3452
5,47,Mackraft Signs,17-Jul-16,3525,3485
6,48,Ansaring Answering Service,18-Jul-16,3558,3518
6,48,Ansaring Answering Service,19-Jul-16,822,782
6,48,Ansaring Answering Service,20-Jul-16,854,814
6,48,Ansaring Answering Service,21-Jul-16,886,846
6,48,Ansaring Answering Service,22-Jul-16,918,878
6,48,Ansaring Answering Service,23-Jul-16,950,910
6,48,Ansaring Answering Service,24-Jul-16,178,138
6,48,Ansaring Answering Service,25-Jul-16,250,210
6,48,Ansaring Answering Service,26-Jul-16,322,282
6,48,Ansaring Answering Service,27-Jul-16,394,354
6,48,Ansaring Answering Service,28-Jul-16,466,426
6,48,Ansaring Answering Service,29-Jul-16,538,498
6,49,Joiner & Goudeau Law Offices,30-Jul-16,610,570
1,49,Joiner & Goudeau Law Offices,31-Jul-16,1682,1642
1,49,Joiner & Goudeau Law Offices,1-Aug-16,1754,1714
1,49,Joiner & Goudeau Law Offices,2-Aug-16,1826,1786
1,49,Joiner & Goudeau Law Offices,3-Aug-16,1898,1858
1,49,Joiner & Goudeau Law Offices,4-Aug-16,1970,1930
1,49,Joiner & Goudeau Law Offices,5-Aug-16,1540,1485
1,49,Joiner & Goudeau Law Offices,6-Aug-16,1160,1120
1,49,Joiner & Goudeau Law Offices,7-Aug-16,1200,1160
6,49,Joiner & Goudeau Law Offices,8-Aug-16,240,200
1,49,Joiner & Goudeau Law Offices,9-Aug-16,1280,1240
1,49,Joiner & Goudeau Law Offices,10-Aug-16,1320,1280
1,1,Panwar Traders,11-Aug-16,1360,1320
1,1,Panwar Traders,12-Aug-16,1400,1360
1,1,Panwar Traders,13-Aug-16,1440,1400
1,1,Panwar Traders,14-Aug-16,2480,2440
1,1,Panwar Traders,15-Aug-16,1520,1480
1,1,Panwar Traders,16-Aug-16,2560,2520
1,1,Panwar Traders,17-Aug-16,2600,2560
6,1,Panwar Traders,18-Aug-16,640,600
1,1,Panwar Traders,19-Aug-16,2680,2640
1,1,Panwar Traders,20-Aug-16,720,680
1,1,Panwar Traders,21-Aug-16,760,720
1,1,Panwar Traders,22-Aug-16,800,760
2,2,Diwan Singh & Sons,23-Aug-16,840,800
2,2,Diwan Singh & Sons,24-Aug-16,880,840
2,2,Diwan Singh & Sons,25-Aug-16,920,880
2,2,Diwan Singh & Sons,26-Aug-16,960,920
2,2,Diwan Singh & Sons,27-Aug-16,600,600
2,2,Diwan Singh & Sons,28-Aug-16,640,600
2,2,Diwan Singh & Sons,29-Aug-16,90,50
2,2,Diwan Singh & Sons,30-Aug-16,350,310
2,2,Diwan Singh & Sons,31-Aug-16,640,600
2,2,Diwan Singh & Sons,1-Sep-16,930,890
2,2,Diwan Singh & Sons,2-Sep-16,120,80
2,2,Diwan Singh & Sons,3-Sep-16,106,66
3,3,Datta Steel Mart,4-Sep-16,92,52
3,3,Datta Steel Mart,5-Sep-16,78,38
3,3,Datta Steel Mart,6-Sep-16,64,24
3,3,Datta Steel Mart,7-Sep-16,50,10
3,3,Datta Steel Mart,8-Sep-16,129,89
3,3,Datta Steel Mart,9-Sep-16,162,122
3,3,Datta Steel Mart,10-Sep-16,195,155
3,3,Datta Steel Mart,11-Sep-16,228,188
3,3,Datta Steel Mart,12-Sep-16,261,221
3,3,Datta Steel Mart,13-Sep-16,294,254
3,3,Datta Steel Mart,14-Sep-16,327,287
3,3,Datta Steel Mart,15-Sep-16,360,320
4,4,Morris Downing & Sherred,16-Sep-16,2200,2100
4,4,Morris Downing & Sherred,17-Sep-16,2200,2100
4,4,Morris Downing & Sherred,18-Sep-16,2200,2100
4,4,Morris Downing & Sherred,19-Sep-16,2200,2100
4,4,Morris Downing & Sherred,20-Sep-16,3000,3000
4,4,Morris Downing & Sherred,21-Sep-16,3000,3000
4,4,Morris Downing & Sherred,22-Sep-16,3000,3000
4,4,Morris Downing & Sherred,23-Sep-16,3000,3000
4,4,Morris Downing & Sherred,24-Sep-16,3000,3000
4,4,Morris Downing & Sherred,25-Sep-16,2000,2000
4,4,Morris Downing & Sherred,26-Sep-16,2000,2000
4,4,Morris Downing & Sherred,27-Sep-16,2000,2000
5,5,"Buelt, David L Esq",28-Sep-16,789,749
5,5,"Buelt, David L Esq",29-Sep-16,822,782
5,5,"Buelt, David L Esq",30-Sep-16,4261,4221
5,5,"Buelt, David L Esq",1-Oct-16,4294,4254
5,5,"Buelt, David L Esq",2-Oct-16,4327,4287
5,5,"Buelt, David L Esq",3-Oct-16,3360,3320
5,5,"Buelt, David L Esq",4-Oct-16,3393,3353
5,5,"Buelt, David L Esq",5-Oct-16,3426,3386
5,5,"Buelt, David L Esq",6-Oct-16,3459,3419
5,5,"Buelt, David L Esq",7-Oct-16,3492,3452
5,5,"Buelt, David L Esq",8-Oct-16,3525,3485
5,5,"Buelt, David L Esq",9-Oct-16,3558,3518
6,6,Artesian Ice & Cold Storage Co,10-Oct-16,441,401
6,6,Artesian Ice & Cold Storage Co,11-Oct-16,530,490
6,6,Artesian Ice & Cold Storage Co,12-Oct-16,619,579
6,6,Artesian Ice & Cold Storage Co,13-Oct-16,708,668
6,6,Artesian Ice & Cold Storage Co,14-Oct-16,797,757
6,6,Artesian Ice & Cold Storage Co,15-Oct-16,886,846
6,6,Artesian Ice & Cold Storage Co,16-Oct-16,975,935
6,6,Artesian Ice & Cold Storage Co,17-Oct-16,106,66
6,6,Artesian Ice & Cold Storage Co,18-Oct-16,86,46
6,6,Artesian Ice & Cold Storage Co,19-Oct-16,118,78
6,6,Artesian Ice & Cold Storage Co,20-Oct-16,150,110
6,6,Artesian Ice & Cold Storage Co,21-Oct-16,182,142
1,7,Midway Hotel,22-Oct-16,214,174
5,7,Midway Hotel,23-Oct-16,246,206
1,7,Midway Hotel,24-Oct-16,278,238
1,7,Midway Hotel,25-Oct-16,1310,1270
1,7,Midway Hotel,26-Oct-16,1342,1302
1,7,Midway Hotel,27-Oct-16,2374,2334
1,7,Midway Hotel,28-Oct-16,1406,1366
6,7,Midway Hotel,29-Oct-16,438,398
1,7,Midway Hotel,30-Oct-16,2470,2430
1,7,Midway Hotel,31-Oct-16,1502,1462
5,7,Midway Hotel,1-Nov-16,534,494
1,7,Midway Hotel,2-Nov-16,1566,1526
2,8,"Selsor, Robert J Esq",3-Nov-16,598,558
2,8,"Selsor, Robert J Esq",4-Nov-16,630,590
2,8,"Selsor, Robert J Esq",5-Nov-16,662,622
2,8,"Selsor, Robert J Esq",6-Nov-16,694,654
2,8,"Selsor, Robert J Esq",7-Nov-16,726,686
2,8,"Selsor, Robert J Esq",8-Nov-16,758,718
2,8,"Selsor, Robert J Esq",9-Nov-16,790,750
2,8,"Selsor, Robert J Esq",10-Nov-16,822,782
2,8,"Selsor, Robert J Esq",11-Nov-16,854,814
2,8,"Selsor, Robert J Esq",12-Nov-16,886,846
2,8,"Selsor, Robert J Esq",13-Nov-16,918,878
2,8,"Selsor, Robert J Esq",14-Nov-16,950,910
3,9,Vincent J Petti & Co,15-Nov-16,178,138
3,9,Vincent J Petti & Co,16-Nov-16,250,210
3,9,Vincent J Petti & Co,17-Nov-16,322,282
3,9,Vincent J Petti & Co,18-Nov-16,394,354
3,9,Vincent J Petti & Co,19-Nov-16,466,426
3,9,Vincent J Petti & Co,20-Nov-16,538,498
3,9,Vincent J Petti & Co,21-Nov-16,610,570
3,9,Vincent J Petti & Co,22-Nov-16,682,642
3,9,Vincent J Petti & Co,23-Nov-16,754,714
3,9,Vincent J Petti & Co,24-Nov-16,826,786
3,9,Vincent J Petti & Co,25-Nov-16,898,858
3,9,Vincent J Petti & Co,26-Nov-16,970,930
4,10,"Prentiss, Paul F Esq",27-Nov-16,2000,2000
4,10,"Prentiss, Paul F Esq",28-Nov-16,2000,2000
4,10,"Prentiss, Paul F Esq",29-Nov-16,2000,2000
4,10,"Prentiss, Paul F Esq",30-Nov-16,2000,2000
4,10,"Prentiss, Paul F Esq",1-Dec-16,2000,2000
4,10,"Prentiss, Paul F Esq",2-Dec-16,2000,2000
4,10,"Prentiss, Paul F Esq",3-Dec-16,2000,2000
4,10,"Prentiss, Paul F Esq",4-Dec-16,2000,2000
4,10,"Prentiss, Paul F Esq",5-Dec-16,2000,2000
4,10,"Prentiss, Paul F Esq",6-Dec-16,2000,2000
4,10,"Prentiss, Paul F Esq",7-Dec-16,2000,2000
4,10,"Prentiss, Paul F Esq",8-Dec-16,2000,2000
5,11,Public Works Department,9-Dec-16,600,560
5,11,Public Works Department,10-Dec-16,640,600
5,11,Public Works Department,11-Dec-16,680,640
5,11,Public Works Department,12-Dec-16,720,680
5,11,Public Works Department,13-Dec-16,760,720
5,11,Public Works Department,14-Dec-16,800,760
5,11,Public Works Department,15-Dec-16,4261,4221
5,11,Public Works Department,16-Dec-16,4294,4254
5,11,Public Works Department,17-Dec-16,4327,4287
5,11,Public Works Department,18-Dec-16,3360,3320
5,11,Public Works Department,19-Dec-16,3393,3353
5,11,Public Works Department,20-Dec-16,3426,3386
6,12,Prudential Lighting Corp,21-Dec-16,3459,3419
6,12,Prudential Lighting Corp,22-Dec-16,3492,3452
6,12,Prudential Lighting Corp,23-Dec-16,640,600
6,12,Prudential Lighting Corp,24-Dec-16,930,890
6,12,Prudential Lighting Corp,25-Dec-16,120,80
6,12,Prudential Lighting Corp,26-Dec-16,106,66
6,12,Prudential Lighting Corp,27-Dec-16,92,52
6,12,Prudential Lighting Corp,28-Dec-16,78,38
6,12,Prudential Lighting Corp,29-Dec-16,64,24
6,12,Prudential Lighting Corp,30-Dec-16,50,10
6,12,Prudential Lighting Corp,31-Dec-16,129,89
6,12,Prudential Lighting Corp,1-Jan-17,162,122
1,13,"Wood, J Scott Esq",2-Jan-17,1195,1155
1,13,"Wood, J Scott Esq",3-Jan-17,1228,1188
1,13,"Wood, J Scott Esq",4-Jan-17,1261,1221
6,13,"Wood, J Scott Esq",5-Jan-17,294,254
1,13,"Wood, J Scott Esq",6-Jan-17,1327,1287
1,13,"Wood, J Scott Esq",7-Jan-17,1360,1320
1,13,"Wood, J Scott Esq",8-Jan-17,1393,1353
1,13,"Wood, J Scott Esq",9-Jan-17,1426,1386
1,13,"Wood, J Scott Esq",10-Jan-17,1459,1419
5,13,"Wood, J Scott Esq",11-Jan-17,492,452
1,13,"Wood, J Scott Esq",12-Jan-17,1525,485
1,13,"Wood, J Scott Esq",13-Jan-17,558,518
2,14,Swanson Peterson Fnrl Home Inc,14-Jan-17,591,551
2,14,Swanson Peterson Fnrl Home Inc,15-Jan-17,624,584
2,14,Swanson Peterson Fnrl Home Inc,16-Jan-17,657,617
2,14,Swanson Peterson Fnrl Home Inc,17-Jan-17,690,650
2,14,Swanson Peterson Fnrl Home Inc,18-Jan-17,723,683
2,14,Swanson Peterson Fnrl Home Inc,19-Jan-17,756,716
2,14,Swanson Peterson Fnrl Home Inc,20-Jan-17,789,749
2,14,Swanson Peterson Fnrl Home Inc,21-Jan-17,822,782
2,14,Swanson Peterson Fnrl Home Inc,22-Jan-17,855,815
2,14,Swanson Peterson Fnrl Home Inc,23-Jan-17,888,848
2,14,Swanson Peterson Fnrl Home Inc,24-Jan-17,921,881
2,14,Swanson Peterson Fnrl Home Inc,25-Jan-17,954,914
3,15,Old Cider Mill Grove,26-Jan-17,600,480
3,15,Old Cider Mill Grove,27-Jan-17,560,520
3,15,Old Cider Mill Grove,28-Jan-17,640,600
3,15,Old Cider Mill Grove,29-Jan-17,174,134
3,15,Old Cider Mill Grove,30-Jan-17,263,223
3,15,Old Cider Mill Grove,31-Jan-17,352,312
3,15,Old Cider Mill Grove,1-Feb-17,441,401
3,15,Old Cider Mill Grove,2-Feb-17,530,490
3,15,Old Cider Mill Grove,3-Feb-17,619,579
3,15,Old Cider Mill Grove,4-Feb-17,708,668
3,15,Old Cider Mill Grove,5-Feb-17,797,757
3,15,Old Cider Mill Grove,6-Feb-17,886,846
4,16,Cooper Myers Y Co,7-Feb-17,4918,4878
4,16,Cooper Myers Y Co,8-Feb-17,4950,4910
4,16,Cooper Myers Y Co,9-Feb-17,4459,4419
4,16,Cooper Myers Y Co,10-Feb-17,3492,3452
4,16,Cooper Myers Y Co,11-Feb-17,3525,3485
4,16,Cooper Myers Y Co,12-Feb-17,3558,3518
4,16,Cooper Myers Y Co,13-Feb-17,3558,3518
4,16,Cooper Myers Y Co,14-Feb-17,4918,4878
4,16,Cooper Myers Y Co,15-Feb-17,4950,4910
4,16,Cooper Myers Y Co,16-Feb-17,4459,4419
4,16,Cooper Myers Y Co,17-Feb-17,3492,3452
4,16,Cooper Myers Y Co,18-Feb-17,3525,3485
5,17,Angelo International,19-Feb-17,3558,3518
5,17,Angelo International,20-Feb-17,438,398
5,17,Angelo International,21-Feb-17,470,430
5,17,Angelo International,22-Feb-17,4261,4221
5,17,Angelo International,23-Feb-17,4294,4254
5,17,Angelo International,24-Feb-17,4327,4287
5,17,Angelo International,25-Feb-17,3360,3320
5,17,Angelo International,26-Feb-17,3393,3353
5,17,Angelo International,27-Feb-17,3426,3386
5,17,Angelo International,28-Feb-17,3459,3419
5,17,Angelo International,1-Mar-17,3492,3452
5,17,Angelo International,2-Mar-17,758,718
6,18,"Blackley, William J Pa",3-Mar-17,790,750
6,18,"Blackley, William J Pa",4-Mar-17,822,782
6,18,"Blackley, William J Pa",5-Mar-17,854,814
6,18,"Blackley, William J Pa",6-Mar-17,886,846
6,18,"Blackley, William J Pa",7-Mar-17,918,878
6,18,"Blackley, William J Pa",8-Mar-17,950,910
6,18,"Blackley, William J Pa",9-Mar-17,178,138
6,18,"Blackley, William J Pa",10-Mar-17,250,210
6,18,"Blackley, William J Pa",11-Mar-17,322,282
6,18,"Blackley, William J Pa",12-Mar-17,394,354
6,18,"Blackley, William J Pa",13-Mar-17,466,426
6,18,"Blackley, William J Pa",14-Mar-17,538,498
1,19,Phoenix Phototype,15-Mar-17,610,570
5,19,Phoenix Phototype,16-Mar-17,682,642
1,19,Phoenix Phototype,17-Mar-17,754,714
1,19,Phoenix Phototype,18-Mar-17,826,786
6,19,Phoenix Phototype,19-Mar-17,898,858
1,19,Phoenix Phototype,20-Mar-17,970,930
1,19,Phoenix Phototype,21-Mar-17,540,485
1,19,Phoenix Phototype,22-Mar-17,160,120
1,19,Phoenix Phototype,23-Mar-17,1200,1160
1,19,Phoenix Phototype,24-Mar-17,3240,3200
1,19,Phoenix Phototype,25-Mar-17,3280,3240
1,19,Phoenix Phototype,26-Mar-17,1320,1280
2,20,Quartzite Processing Inc,27-Mar-17,360,320
2,20,Quartzite Processing Inc,28-Mar-17,400,360
2,20,Quartzite Processing Inc,29-Mar-17,440,400
2,20,Quartzite Processing Inc,30-Mar-17,480,440
2,20,Quartzite Processing Inc,31-Mar-17,520,480
2,20,Quartzite Processing Inc,1-Apr-17,560,520
2,20,Quartzite Processing Inc,2-Apr-17,600,560
2,20,Quartzite Processing Inc,3-Apr-17,640,600
2,20,Quartzite Processing Inc,4-Apr-17,680,640
2,20,Quartzite Processing Inc,5-Apr-17,720,680
2,20,Quartzite Processing Inc,6-Apr-17,760,720
2,20,Quartzite Processing Inc,7-Apr-17,800,760
3,21,Biltmore Textile Co Inc,8-Apr-17,840,800
3,21,Biltmore Textile Co Inc,9-Apr-17,880,840
3,21,Biltmore Textile Co Inc,10-Apr-17,920,880
3,21,Biltmore Textile Co Inc,11-Apr-17,960,920
3,21,Biltmore Textile Co Inc,12-Apr-17,600,600
3,21,Biltmore Textile Co Inc,13-Apr-17,640,600
3,21,Biltmore Textile Co Inc,14-Apr-17,90,50
3,21,Biltmore Textile Co Inc,15-Apr-17,350,310
3,21,Biltmore Textile Co Inc,16-Apr-17,640,600
3,21,Biltmore Textile Co Inc,17-Apr-17,930,890
3,21,Biltmore Textile Co Inc,18-Apr-17,120,80
3,21,Biltmore Textile Co Inc,19-Apr-17,106,66
4,22,Gateway Refrigeration,20-Apr-17,3558,3518
4,22,Gateway Refrigeration,21-Apr-17,4918,4878
4,22,Gateway Refrigeration,22-Apr-17,4950,4910
4,22,Gateway Refrigeration,23-Apr-17,4459,4419
4,22,Gateway Refrigeration,24-Apr-17,3492,3452
4,22,Gateway Refrigeration,25-Apr-17,3525,3485
4,22,Gateway Refrigeration,26-Apr-17,3558,3518
4,22,Gateway Refrigeration,27-Apr-17,3558,3518
4,22,Gateway Refrigeration,28-Apr-17,4918,4878
4,22,Gateway Refrigeration,29-Apr-17,4950,4910
4,22,Gateway Refrigeration,30-Apr-17,4459,4419
4,22,Gateway Refrigeration,1-May-17,3492,3452
5,23,Anchorage Yamaha,2-May-17,3525,3485
5,23,Anchorage Yamaha,3-May-17,3558,3518
5,23,Anchorage Yamaha,4-May-17,4327,4287
5,23,Anchorage Yamaha,5-May-17,3360,3320
5,23,Anchorage Yamaha,6-May-17,3393,3353
5,23,Anchorage Yamaha,7-May-17,3426,3386
5,23,Anchorage Yamaha,8-May-17,3459,3419
5,23,Anchorage Yamaha,9-May-17,3492,3452
5,23,Anchorage Yamaha,10-May-17,657,617
5,23,Anchorage Yamaha,11-May-17,690,650
5,23,Anchorage Yamaha,12-May-17,723,683
5,23,Anchorage Yamaha,13-May-17,4261,4221
6,24,Wynns Precision Inc Az Div,14-May-17,4294,4254
6,24,Wynns Precision Inc Az Div,15-May-17,4327,4287
6,24,Wynns Precision Inc Az Div,16-May-17,3360,3320
6,24,Wynns Precision Inc Az Div,17-May-17,3393,3353
6,24,Wynns Precision Inc Az Div,18-May-17,3426,3386
6,24,Wynns Precision Inc Az Div,19-May-17,3459,3419
6,24,Wynns Precision Inc Az Div,20-May-17,3492,3452
6,24,Wynns Precision Inc Az Div,21-May-17,560,520
6,24,Wynns Precision Inc Az Div,22-May-17,640,600
6,24,Wynns Precision Inc Az Div,23-May-17,174,134
6,24,Wynns Precision Inc Az Div,24-May-17,263,223
6,24,Wynns Precision Inc Az Div,25-May-17,352,312
5,25,Paragon Cable Tv,26-May-17,441,401
1,25,Paragon Cable Tv,27-May-17,3530,3490
1,25,Paragon Cable Tv,28-May-17,3619,3579
6,25,Paragon Cable Tv,29-May-17,708,668
1,25,Paragon Cable Tv,30-May-17,3797,3757
1,25,Paragon Cable Tv,31-May-17,3886,3846
1,25,Paragon Cable Tv,1-Jun-17,3975,3935
5,25,Paragon Cable Tv,2-Jun-17,106,66
1,25,Paragon Cable Tv,3-Jun-17,3186,3146
1,25,Paragon Cable Tv,4-Jun-17,3118,3000
5,25,Paragon Cable Tv,5-Jun-17,150,110
1,25,Paragon Cable Tv,6-Jun-17,3182,3142
2,26,Eagle Computer Services Inc,7-Jun-17,214,174
2,26,Eagle Computer Services Inc,8-Jun-17,246,206
2,26,Eagle Computer Services Inc,9-Jun-17,278,238
2,26,Eagle Computer Services Inc,10-Jun-17,310,270
2,26,Eagle Computer Services Inc,11-Jun-17,342,302
2,26,Eagle Computer Services Inc,12-Jun-17,374,334
2,26,Eagle Computer Services Inc,13-Jun-17,406,366
2,26,Eagle Computer Services Inc,14-Jun-17,438,398
2,26,Eagle Computer Services Inc,15-Jun-17,470,430
2,26,Eagle Computer Services Inc,16-Jun-17,502,462
2,26,Eagle Computer Services Inc,17-Jun-17,534,494
2,26,Eagle Computer Services Inc,18-Jun-17,566,526
3,27,Kansas Association Ins Agtts,19-Jun-17,598,558
3,27,Kansas Association Ins Agtts,20-Jun-17,630,590
3,27,Kansas Association Ins Agtts,21-Jun-17,662,622
3,27,Kansas Association Ins Agtts,22-Jun-17,694,654
3,27,Kansas Association Ins Agtts,23-Jun-17,726,686
3,27,Kansas Association Ins Agtts,24-Jun-17,758,718
3,27,Kansas Association Ins Agtts,25-Jun-17,790,750
3,27,Kansas Association Ins Agtts,26-Jun-17,822,782
3,27,Kansas Association Ins Agtts,27-Jun-17,854,814
3,27,Kansas Association Ins Agtts,28-Jun-17,886,846
3,27,Kansas Association Ins Agtts,29-Jun-17,918,878
3,27,Kansas Association Ins Agtts,30-Jun-17,950,910
4,28,"Di Giacomo, Richard F Esq",1-Jul-17,3558,3518
4,28,"Di Giacomo, Richard F Esq",2-Jul-17,4918,4878
4,28,"Di Giacomo, Richard F Esq",3-Jul-17,4950,4910
4,28,"Di Giacomo, Richard F Esq",4-Jul-17,4459,4419
4,28,"Di Giacomo, Richard F Esq",5-Jul-17,3492,3452
4,28,"Di Giacomo, Richard F Esq",6-Jul-17,3525,3485
4,28,"Di Giacomo, Richard F Esq",7-Jul-17,3558,3518
4,28,"Di Giacomo, Richard F Esq",8-Jul-17,3558,3518
4,28,"Di Giacomo, Richard F Esq",9-Jul-17,4918,4878
4,28,"Di Giacomo, Richard F Esq",10-Jul-17,4950,4910
4,28,"Di Giacomo, Richard F Esq",11-Jul-17,4459,4419
4,28,"Di Giacomo, Richard F Esq",12-Jul-17,3492,3452
5,29,"Butler, Frank B Esq",13-Jul-17,3525,3485
5,29,"Butler, Frank B Esq",14-Jul-17,3558,3518
5,29,"Butler, Frank B Esq",15-Jul-17,3360,3320
5,29,"Butler, Frank B Esq",16-Jul-17,3393,3353
5,29,"Butler, Frank B Esq",17-Jul-17,3426,3386
5,29,"Butler, Frank B Esq",18-Jul-17,3459,3419
5,29,"Butler, Frank B Esq",19-Jul-17,3492,3452
5,29,"Butler, Frank B Esq",20-Jul-17,3525,3485
5,29,"Butler, Frank B Esq",21-Jul-17,4327,4287
5,29,"Butler, Frank B Esq",22-Jul-17,3360,3320
5,29,"Butler, Frank B Esq",23-Jul-17,3393,3353
5,29,"Butler, Frank B Esq",24-Jul-17,3426,3386
6,30,Alphagraphics Printshops,25-Jul-17,3459,3419
6,30,Alphagraphics Printshops,26-Jul-17,640,600
6,30,Alphagraphics Printshops,27-Jul-17,680,640
6,30,Alphagraphics Printshops,28-Jul-17,720,680
6,30,Alphagraphics Printshops,29-Jul-17,760,720
6,30,Alphagraphics Printshops,30-Jul-17,800,760
6,30,Alphagraphics Printshops,31-Jul-17,840,800
6,30,Alphagraphics Printshops,1-Aug-17,880,840
6,30,Alphagraphics Printshops,2-Aug-17,920,880
6,30,Alphagraphics Printshops,3-Aug-17,960,920
6,30,Alphagraphics Printshops,4-Aug-17,600,600
6,30,Alphagraphics Printshops,5-Aug-17,640,600
6,31,Voyager Travel Service,6-Aug-17,90,50
1,31,Voyager Travel Service,7-Aug-17,3350,3310
1,31,Voyager Travel Service,8-Aug-17,3640,3600
1,31,Voyager Travel Service,9-Aug-17,930,890
1,31,Voyager Travel Service,10-Aug-17,3120,3300
1,31,Voyager Travel Service,11-Aug-17,3106,3300
1,31,Voyager Travel Service,12-Aug-17,2192,2152
5,31,Voyager Travel Service,13-Aug-17,4294,4254
1,31,Voyager Travel Service,14-Aug-17,4327,4287
1,31,Voyager Travel Service,15-Aug-17,3360,3320
5,31,Voyager Travel Service,16-Aug-17,3393,3353
1,31,Voyager Travel Service,17-Aug-17,3426,3386
2,32,N Amer Plast & Chemls Co Inc,18-Aug-17,3459,3419
2,32,N Amer Plast & Chemls Co Inc,19-Aug-17,3492,3452
2,32,N Amer Plast & Chemls Co Inc,20-Aug-17,3525,3485
2,32,N Amer Plast & Chemls Co Inc,21-Aug-17,294,254
2,32,N Amer Plast & Chemls Co Inc,22-Aug-17,327,287
2,32,N Amer Plast & Chemls Co Inc,23-Aug-17,4360,4320
2,32,N Amer Plast & Chemls Co Inc,24-Aug-17,4393,4353
2,32,N Amer Plast & Chemls Co Inc,25-Aug-17,4426,4386
2,32,N Amer Plast & Chemls Co Inc,26-Aug-17,4459,4419
2,32,N Amer Plast & Chemls Co Inc,27-Aug-17,3492,3452
2,32,N Amer Plast & Chemls Co Inc,28-Aug-17,3525,3485
2,32,N Amer Plast & Chemls Co Inc,29-Aug-17,3558,3518
3,33,D L Downing General Contr Inc,30-Aug-17,591,551
3,33,D L Downing General Contr Inc,31-Aug-17,624,584
3,33,D L Downing General Contr Inc,1-Sep-17,657,617
3,33,D L Downing General Contr Inc,2-Sep-17,690,650
3,33,D L Downing General Contr Inc,3-Sep-17,723,683
3,33,D L Downing General Contr Inc,4-Sep-17,756,716
3,33,D L Downing General Contr Inc,5-Sep-17,789,749
3,33,D L Downing General Contr Inc,6-Sep-17,822,782
3,33,D L Downing General Contr Inc,7-Sep-17,855,815
3,33,D L Downing General Contr Inc,8-Sep-17,888,848
3,33,D L Downing General Contr Inc,9-Sep-17,921,881
3,33,D L Downing General Contr Inc,10-Sep-17,954,914
4,34,Community Insurance Agy Inc,11-Sep-17,3558,3518
4,34,Community Insurance Agy Inc,12-Sep-17,4918,4878
4,34,Community Insurance Agy Inc,13-Sep-17,4950,4910
4,34,Community Insurance Agy Inc,14-Sep-17,4459,4419
4,34,Community Insurance Agy Inc,15-Sep-17,3492,3452
4,34,Community Insurance Agy Inc,16-Sep-17,3525,3485
4,34,Community Insurance Agy Inc,17-Sep-17,3558,3518
4,34,Community Insurance Agy Inc,18-Sep-17,3558,3518
4,34,Community Insurance Agy Inc,19-Sep-17,4918,4878
4,34,Community Insurance Agy Inc,20-Sep-17,4950,4910
4,34,Community Insurance Agy Inc,21-Sep-17,4459,4419
4,34,Community Insurance Agy Inc,22-Sep-17,3492,3452
5,35,House Of Ing,23-Sep-17,3525,3485
5,35,House Of Ing,24-Sep-17,3558,3518
5,35,House Of Ing,25-Sep-17,3393,3353
5,35,House Of Ing,26-Sep-17,3426,3386
5,35,House Of Ing,27-Sep-17,3459,3419
5,35,House Of Ing,28-Sep-17,182,142
5,35,House Of Ing,29-Sep-17,214,174
5,35,House Of Ing,30-Sep-17,246,206
5,35,House Of Ing,1-Oct-17,278,238
5,35,House Of Ing,2-Oct-17,310,270
5,35,House Of Ing,3-Oct-17,342,302
5,35,House Of Ing,4-Oct-17,4327,4287
6,36,Vei Inc,5-Oct-17,3360,3320
6,36,Vei Inc,6-Oct-17,3393,3353
6,36,Vei Inc,7-Oct-17,3426,3386
6,36,Vei Inc,8-Oct-17,3459,3419
6,36,Vei Inc,9-Oct-17,534,494
6,36,Vei Inc,10-Oct-17,566,526
6,36,Vei Inc,11-Oct-17,598,558
6,36,Vei Inc,12-Oct-17,630,590
6,36,Vei Inc,13-Oct-17,662,622
6,36,Vei Inc,14-Oct-17,694,654
6,36,Vei Inc,15-Oct-17,726,686
6,36,Vei Inc,16-Oct-17,758,718
6,37,"Hanna, Robert J Esq",17-Oct-17,790,750
1,37,"Hanna, Robert J Esq",18-Oct-17,2822,2782
1,37,"Hanna, Robert J Esq",19-Oct-17,2854,2814
1,37,"Hanna, Robert J Esq",20-Oct-17,2886,846
1,37,"Hanna, Robert J Esq",21-Oct-17,918,878
1,37,"Hanna, Robert J Esq",22-Oct-17,2950,2910
1,37,"Hanna, Robert J Esq",23-Oct-17,2178,2138
1,37,"Hanna, Robert J Esq",24-Oct-17,1250,1210
1,37,"Hanna, Robert J Esq",25-Oct-17,2322,2282
1,37,"Hanna, Robert J Esq",26-Oct-17,2394,2354
1,37,"Hanna, Robert J Esq",27-Oct-17,2466,2426
1,37,"Hanna, Robert J Esq",28-Oct-17,2538,2498
2,38,Design Rite Homes Inc,29-Oct-17,3610,3570
2,38,Design Rite Homes Inc,30-Oct-17,3682,3642
2,38,Design Rite Homes Inc,31-Oct-17,3754,3714
2,38,Design Rite Homes Inc,1-Nov-17,3826,3786
2,38,Design Rite Homes Inc,2-Nov-17,3898,3858
2,38,Design Rite Homes Inc,3-Nov-17,3970,3930
2,38,Design Rite Homes Inc,4-Nov-17,4540,4485
2,38,Design Rite Homes Inc,5-Nov-17,4160,4120
2,38,Design Rite Homes Inc,6-Nov-17,4200,4160
2,38,Design Rite Homes Inc,7-Nov-17,4240,4200
2,38,Design Rite Homes Inc,8-Nov-17,4280,4240
2,38,Design Rite Homes Inc,9-Nov-17,4320,4280
3,39,State Library,10-Nov-17,360,320
3,39,State Library,11-Nov-17,400,360
3,39,State Library,12-Nov-17,440,400
3,39,State Library,13-Nov-17,480,440
3,39,State Library,14-Nov-17,520,480
3,39,State Library,15-Nov-17,560,520
3,39,State Library,16-Nov-17,600,560
3,39,State Library,17-Nov-17,640,600
3,39,State Library,18-Nov-17,680,640
3,39,State Library,19-Nov-17,720,680
3,39,State Library,20-Nov-17,760,720
3,39,State Library,21-Nov-17,800,760
4,40,Vista Grande Baptist Church,22-Nov-17,3558,3518
4,40,Vista Grande Baptist Church,23-Nov-17,4918,4878
4,40,Vista Grande Baptist Church,24-Nov-17,4950,4910
4,40,Vista Grande Baptist Church,25-Nov-17,4459,4419
4,40,Vista Grande Baptist Church,26-Nov-17,3492,3452
4,40,Vista Grande Baptist Church,27-Nov-17,3525,3485
4,40,Vista Grande Baptist Church,28-Nov-17,3558,3518
4,40,Vista Grande Baptist Church,29-Nov-17,3558,3518
4,40,Vista Grande Baptist Church,30-Nov-17,4918,4878
4,40,Vista Grande Baptist Church,1-Dec-17,4950,4910
4,40,Vista Grande Baptist Church,2-Dec-17,4459,4419
4,40,Vista Grande Baptist Church,3-Dec-17,3492,3452
5,41,Poole Publications Inc,4-Dec-17,3525,3485
5,41,Poole Publications Inc,5-Dec-17,3558,3518
5,41,Poole Publications Inc,6-Dec-17,64,24
5,41,Poole Publications Inc,7-Dec-17,50,10
5,41,Poole Publications Inc,8-Dec-17,129,89
5,41,Poole Publications Inc,9-Dec-17,162,122
5,41,Poole Publications Inc,10-Dec-17,195,155
5,41,Poole Publications Inc,11-Dec-17,228,188
5,41,Poole Publications Inc,12-Dec-17,261,221
5,41,Poole Publications Inc,13-Dec-17,294,254
5,41,Poole Publications Inc,14-Dec-17,327,287
5,41,Poole Publications Inc,15-Dec-17,360,320
6,42,Affilated Consulting Group Inc,16-Dec-17,393,353
6,42,Affilated Consulting Group Inc,17-Dec-17,426,386
6,42,Affilated Consulting Group Inc,18-Dec-17,459,419
6,42,Affilated Consulting Group Inc,19-Dec-17,492,452
6,42,Affilated Consulting Group Inc,20-Dec-17,525,485
6,42,Affilated Consulting Group Inc,21-Dec-17,558,518
6,42,Affilated Consulting Group Inc,22-Dec-17,591,551
6,42,Affilated Consulting Group Inc,23-Dec-17,624,584
6,42,Affilated Consulting Group Inc,24-Dec-17,657,617
6,42,Affilated Consulting Group Inc,25-Dec-17,690,650
6,42,Affilated Consulting Group Inc,26-Dec-17,723,683
6,42,Affilated Consulting Group Inc,27-Dec-17,756,716
1,43,Affilated Consulting Group Inc,28-Dec-17,2789,2749
1,43,Affilated Consulting Group Inc,29-Dec-17,2822,2782
1,43,Affilated Consulting Group Inc,30-Dec-17,2855,2815
1,43,Affilated Consulting Group Inc,31-Dec-17,2888,2848
1,43,Affilated Consulting Group Inc,1-Jan-18,2921,2881
1,43,Affilated Consulting Group Inc,2-Jan-18,2954,2914
1,43,Affilated Consulting Group Inc,3-Jan-18,2600,2480
1,43,Affilated Consulting Group Inc,4-Jan-18,2560,2520
1,43,Affilated Consulting Group Inc,5-Jan-18,2640,2600
1,43,Affilated Consulting Group Inc,6-Jan-18,2174,2134
5,43,Affilated Consulting Group Inc,7-Jan-18,263,223
1,43,Affilated Consulting Group Inc,8-Jan-18,2352,2312
2,44,Northwestern Mutual Life Ins,9-Jan-18,4441,4401
2,44,Northwestern Mutual Life Ins,10-Jan-18,4530,4490
2,44,Northwestern Mutual Life Ins,11-Jan-18,4619,4579
2,44,Northwestern Mutual Life Ins,12-Jan-18,4708,4668
2,44,Northwestern Mutual Life Ins,13-Jan-18,4797,4757
2,44,Northwestern Mutual Life Ins,14-Jan-18,4886,4846
2,44,Northwestern Mutual Life Ins,15-Jan-18,4975,4935
2,44,Northwestern Mutual Life Ins,16-Jan-18,4106,4066
2,44,Northwestern Mutual Life Ins,17-Jan-18,2286,2246
2,44,Northwestern Mutual Life Ins,18-Jan-18,2118,2278
2,44,Northwestern Mutual Life Ins,19-Jan-18,2150,2110
2,44,Northwestern Mutual Life Ins,20-Jan-18,2182,2142
3,45,Helricks Inc,21-Jan-18,214,174
3,45,Helricks Inc,22-Jan-18,246,206
3,45,Helricks Inc,23-Jan-18,2278,2238
3,45,Helricks Inc,24-Jan-18,2310,2270
3,45,Helricks Inc,25-Jan-18,2342,2302
3,45,Helricks Inc,26-Jan-18,2374,2334
3,45,Helricks Inc,27-Jan-18,2406,2366
3,45,Helricks Inc,28-Jan-18,2438,2398
3,45,Helricks Inc,29-Jan-18,2470,2430
3,45,Helricks Inc,30-Jan-18,2502,2462
3,45,Helricks Inc,31-Jan-18,2534,2494
3,45,Helricks Inc,1-Feb-18,2566,2526
4,46,"Wynn, Mary Ellen Esq",2-Feb-18,3558,3518
4,46,"Wynn, Mary Ellen Esq",3-Feb-18,4918,4878
4,46,"Wynn, Mary Ellen Esq",4-Feb-18,4950,4910
4,46,"Wynn, Mary Ellen Esq",5-Feb-18,4459,4419
4,46,"Wynn, Mary Ellen Esq",6-Feb-18,3492,3452
4,46,"Wynn, Mary Ellen Esq",7-Feb-18,3525,3485
4,46,"Wynn, Mary Ellen Esq",8-Feb-18,3558,3518
4,46,"Wynn, Mary Ellen Esq",9-Feb-18,3558,3518
4,46,"Wynn, Mary Ellen Esq",10-Feb-18,2000,2000
4,46,"Wynn, Mary Ellen Esq",11-Feb-18,2000,2000
4,46,"Wynn, Mary Ellen Esq",12-Feb-18,2000,2000
4,46,"Wynn, Mary Ellen Esq",13-Feb-18,2000,2000
5,47,Mackraft Signs,14-Feb-18,3525,3485
5,47,Mackraft Signs,15-Feb-18,3558,3518
5,47,Mackraft Signs,16-Feb-18,322,282
5,47,Mackraft Signs,17-Feb-18,394,354
5,47,Mackraft Signs,18-Feb-18,3426,3386
5,47,Mackraft Signs,19-Feb-18,3459,3419
5,47,Mackraft Signs,20-Feb-18,3492,3452
5,47,Mackraft Signs,21-Feb-18,3525,3485
5,47,Mackraft Signs,22-Feb-18,4327,4287
5,47,Mackraft Signs,23-Feb-18,3360,3320
5,47,Mackraft Signs,24-Feb-18,3393,3353
5,47,Mackraft Signs,25-Feb-18,970,930
6,48,Ansaring Answering Service,26-Feb-18,540,485
6,48,Ansaring Answering Service,27-Feb-18,160,120
6,48,Ansaring Answering Service,28-Feb-18,200,160
6,48,Ansaring Answering Service,1-Mar-18,240,200
6,48,Ansaring Answering Service,2-Mar-18,280,240
6,48,Ansaring Answering Service,3-Mar-18,320,280
6,48,Ansaring Answering Service,4-Mar-18,360,320
6,48,Ansaring Answering Service,5-Mar-18,400,360
6,48,Ansaring Answering Service,6-Mar-18,440,400
6,48,Ansaring Answering Service,7-Mar-18,480,440
6,48,Ansaring Answering Service,8-Mar-18,520,480
6,48,Ansaring Answering Service,9-Mar-18,560,520
1,49,Joiner & Goudeau Law Offices,10-Mar-18,2600,2560
1,49,Joiner & Goudeau Law Offices,11-Mar-18,2640,600
1,49,Joiner & Goudeau Law Offices,12-Mar-18,2680,2640
1,49,Joiner & Goudeau Law Offices,13-Mar-18,2720,2680
1,49,Joiner & Goudeau Law Offices,14-Mar-18,2760,2720
1,49,Joiner & Goudeau Law Offices,15-Mar-18,2800,2760
1,49,Joiner & Goudeau Law Offices,16-Mar-18,2840,2800
1,49,Joiner & Goudeau Law Offices,17-Mar-18,2880,2840
1,49,Joiner & Goudeau Law Offices,18-Mar-18,2920,2880
6,49,Joiner & Goudeau Law Offices,19-Mar-18,3492,3452
1,49,Joiner & Goudeau Law Offices,20-Mar-18,3525,3485
1,49,Joiner & Goudeau Law Offices,21-Mar-18,4327,4287
1,1,Panwar Traders,22-Mar-18,3360,3320
1,1,Panwar Traders,23-Mar-18,3393,3353
1,1,Panwar Traders,24-Mar-18,1640,1600
1,1,Panwar Traders,25-Mar-18,1930,1890
1,1,Panwar Traders,26-Mar-18,1120,1100
1,1,Panwar Traders,27-Mar-18,1106,1066
1,1,Panwar Traders,28-Mar-18,1192,1152
1,1,Panwar Traders,29-Mar-18,178,138
1,1,Panwar Traders,30-Mar-18,164,124
6,1,Panwar Traders,31-Mar-18,3492,3452
1,1,Panwar Traders,1-Apr-18,3525,3485
1,1,Panwar Traders,2-Apr-18,4327,4287
2,2,Diwan Singh & Sons,3-Apr-18,3360,3320
2,2,Diwan Singh & Sons,4-Apr-18,3393,3353
2,2,Diwan Singh & Sons,5-Apr-18,4261,4221
2,2,Diwan Singh & Sons,6-Apr-18,4294,4254
2,2,Diwan Singh & Sons,7-Apr-18,4327,4287
2,2,Diwan Singh & Sons,8-Apr-18,360,320
2,2,Diwan Singh & Sons,9-Apr-18,4393,4353
2,2,Diwan Singh & Sons,10-Apr-18,426,386
2,2,Diwan Singh & Sons,11-Apr-18,459,419
2,2,Diwan Singh & Sons,12-Apr-18,4492,4452
2,2,Diwan Singh & Sons,13-Apr-18,525,485
2,2,Diwan Singh & Sons,14-Apr-18,4558,4518
3,3,Datta Steel Mart,15-Apr-18,2591,2551
3,3,Datta Steel Mart,16-Apr-18,2624,2584
3,3,Datta Steel Mart,17-Apr-18,2657,2617
3,3,Datta Steel Mart,18-Apr-18,2690,2650
3,3,Datta Steel Mart,19-Apr-18,2723,2683
3,3,Datta Steel Mart,20-Apr-18,2756,2716
3,3,Datta Steel Mart,21-Apr-18,2789,2749
3,3,Datta Steel Mart,22-Apr-18,2822,2782
3,3,Datta Steel Mart,23-Apr-18,2855,2815
3,3,Datta Steel Mart,24-Apr-18,2888,2848
3,3,Datta Steel Mart,25-Apr-18,2921,2881
3,3,Datta Steel Mart,26-Apr-18,2954,2914
4,4,Morris Downing & Sherred,27-Apr-18,2000,2000
4,4,Morris Downing & Sherred,28-Apr-18,2000,2000
4,4,Morris Downing & Sherred,29-Apr-18,2000,2000
4,4,Morris Downing & Sherred,30-Apr-18,2000,2000
4,4,Morris Downing & Sherred,1-May-18,2000,2000
4,4,Morris Downing & Sherred,2-May-18,3525,3485
4,4,Morris Downing & Sherred,3-May-18,3558,3518
4,4,Morris Downing & Sherred,4-May-18,3558,3518
4,4,Morris Downing & Sherred,5-May-18,4918,4878
4,4,Morris Downing & Sherred,6-May-18,4950,4910
4,4,Morris Downing & Sherred,7-May-18,4459,4419
4,4,Morris Downing & Sherred,8-May-18,3492,3452
5,5,"Buelt, David L Esq",9-May-18,3525,3485
5,5,"Buelt, David L Esq",10-May-18,3558,3518
5,5,"Buelt, David L Esq",11-May-18,86,46
5,5,"Buelt, David L Esq",12-May-18,118,78
5,5,"Buelt, David L Esq",13-May-18,150,110
5,5,"Buelt, David L Esq",14-May-18,3426,3386
5,5,"Buelt, David L Esq",15-May-18,3459,3419
5,5,"Buelt, David L Esq",16-May-18,3492,3452
5,5,"Buelt, David L Esq",17-May-18,3525,3485
5,5,"Buelt, David L Esq",18-May-18,4327,4287
5,5,"Buelt, David L Esq",19-May-18,3360,3320
5,5,"Buelt, David L Esq",20-May-18,3393,3353
6,6,Artesian Ice & Cold Storage Co,21-May-18,3492,3452
6,6,Artesian Ice & Cold Storage Co,22-May-18,3525,3485
6,6,Artesian Ice & Cold Storage Co,23-May-18,4327,4287
6,6,Artesian Ice & Cold Storage Co,24-May-18,3360,3320
6,6,Artesian Ice & Cold Storage Co,25-May-18,3393,3353
6,6,Artesian Ice & Cold Storage Co,26-May-18,3492,3452
6,6,Artesian Ice & Cold Storage Co,27-May-18,3525,3485
6,6,Artesian Ice & Cold Storage Co,28-May-18,4327,4287
6,6,Artesian Ice & Cold Storage Co,29-May-18,3360,3320
6,6,Artesian Ice & Cold Storage Co,30-May-18,3393,3353
6,6,Artesian Ice & Cold Storage Co,31-May-18,3492,3452
6,6,Artesian Ice & Cold Storage Co,1-Jun-18,3525,3485
1,7,Midway Hotel,2-Jun-18,4327,4287
1,7,Midway Hotel,3-Jun-18,3360,3320
1,7,Midway Hotel,4-Jun-18,3393,3353
1,7,Midway Hotel,5-Jun-18,2886,2846
1,7,Midway Hotel,6-Jun-18,1918,1878
1,7,Midway Hotel,7-Jun-18,2950,2910
1,7,Midway Hotel,8-Jun-18,2178,2138
1,7,Midway Hotel,9-Jun-18,2250,2210
1,7,Midway Hotel,10-Jun-18,2322,2282
1,7,Midway Hotel,11-Jun-18,2394,2354
1,7,Midway Hotel,12-Jun-18,2466,2426
1,7,Midway Hotel,13-Jun-18,1538,1498
2,8,"Selsor, Robert J Esq",14-Jun-18,4610,4570
2,8,"Selsor, Robert J Esq",15-Jun-18,2682,2642
2,8,"Selsor, Robert J Esq",16-Jun-18,2754,2714
2,8,"Selsor, Robert J Esq",17-Jun-18,2826,2786
2,8,"Selsor, Robert J Esq",18-Jun-18,2898,2858
2,8,"Selsor, Robert J Esq",19-Jun-18,2970,2930
2,8,"Selsor, Robert J Esq",20-Jun-18,2540,2485
2,8,"Selsor, Robert J Esq",21-Jun-18,2160,2120
2,8,"Selsor, Robert J Esq",22-Jun-18,2200,2160
2,8,"Selsor, Robert J Esq",23-Jun-18,2240,2200
2,8,"Selsor, Robert J Esq",24-Jun-18,2280,2240
2,8,"Selsor, Robert J Esq",25-Jun-18,2320,2280
3,9,Vincent J Petti & Co,26-Jun-18,2360,2320
3,9,Vincent J Petti & Co,27-Jun-18,2400,2360
3,9,Vincent J Petti & Co,28-Jun-18,2440,2400
3,9,Vincent J Petti & Co,29-Jun-18,2480,2440
3,9,Vincent J Petti & Co,30-Jun-18,2520,2480
3,9,Vincent J Petti & Co,1-Jul-18,2560,2520
3,9,Vincent J Petti & Co,2-Jul-18,2600,2560
3,9,Vincent J Petti & Co,3-Jul-18,2640,2600
3,9,Vincent J Petti & Co,4-Jul-18,2680,2640
3,9,Vincent J Petti & Co,5-Jul-18,2720,2680
3,9,Vincent J Petti & Co,6-Jul-18,760,720
3,9,Vincent J Petti & Co,7-Jul-18,800,760
4,10,"Prentiss, Paul F Esq",8-Jul-18,3558,3518
4,10,"Prentiss, Paul F Esq",9-Jul-18,4918,4878
4,10,"Prentiss, Paul F Esq",10-Jul-18,4950,4910
4,10,"Prentiss, Paul F Esq",11-Jul-18,4459,4419
4,10,"Prentiss, Paul F Esq",12-Jul-18,3492,3452
4,10,"Prentiss, Paul F Esq",13-Jul-18,3525,3485
4,10,"Prentiss, Paul F Esq",14-Jul-18,3558,3518
4,10,"Prentiss, Paul F Esq",15-Jul-18,3558,3518
4,10,"Prentiss, Paul F Esq",16-Jul-18,4918,4878
4,10,"Prentiss, Paul F Esq",17-Jul-18,4950,4910
4,10,"Prentiss, Paul F Esq",18-Jul-18,4459,4419
4,10,"Prentiss, Paul F Esq",19-Jul-18,3492,3452
5,11,Public Works Department,20-Jul-18,3525,3485
5,11,Public Works Department,21-Jul-18,3558,3518
5,11,Public Works Department,22-Jul-18,3492,3452
5,11,Public Works Department,23-Jul-18,3525,3485
5,11,Public Works Department,24-Jul-18,4327,4287
5,11,Public Works Department,25-Jul-18,3360,3320
5,11,Public Works Department,26-Jul-18,3393,3353
5,11,Public Works Department,27-Jul-18,228,188
5,11,Public Works Department,28-Jul-18,261,221
5,11,Public Works Department,29-Jul-18,294,254
5,11,Public Works Department,30-Jul-18,327,287
5,11,Public Works Department,31-Jul-18,360,320
6,12,Prudential Lighting Corp,1-Aug-18,3492,3452
6,12,Prudential Lighting Corp,2-Aug-18,3525,3485
6,12,Prudential Lighting Corp,3-Aug-18,4327,4287
6,12,Prudential Lighting Corp,4-Aug-18,3360,3320
6,12,Prudential Lighting Corp,5-Aug-18,3393,3353
6,12,Prudential Lighting Corp,6-Aug-18,3492,3452
6,12,Prudential Lighting Corp,7-Aug-18,3525,3485
6,12,Prudential Lighting Corp,8-Aug-18,4327,4287
6,12,Prudential Lighting Corp,9-Aug-18,3360,3320
6,12,Prudential Lighting Corp,10-Aug-18,3393,3353
6,12,Prudential Lighting Corp,11-Aug-18,3492,3452
6,12,Prudential Lighting Corp,12-Aug-18,3525,3485
1,13,"Wood, J Scott Esq",13-Aug-18,4327,4287
1,13,"Wood, J Scott Esq",14-Aug-18,3360,3320
1,13,"Wood, J Scott Esq",15-Aug-18,3393,3353
6,13,"Wood, J Scott Esq",16-Aug-18,3492,3452
1,13,"Wood, J Scott Esq",17-Aug-18,3525,3485
1,13,"Wood, J Scott Esq",18-Aug-18,4327,4287
1,13,"Wood, J Scott Esq",19-Aug-18,3360,3320
5,13,"Wood, J Scott Esq",20-Aug-18,3393,3353
1,13,"Wood, J Scott Esq",21-Aug-18,640,600
1,13,"Wood, J Scott Esq",22-Aug-18,2174,2134
1,13,"Wood, J Scott Esq",23-Aug-18,2263,2223
1,13,"Wood, J Scott Esq",24-Aug-18,2352,2312
2,14,Swanson Peterson Fnrl Home Inc,25-Aug-18,2441,2401
2,14,Swanson Peterson Fnrl Home Inc,26-Aug-18,2530,2490
2,14,Swanson Peterson Fnrl Home Inc,27-Aug-18,2619,2579
2,14,Swanson Peterson Fnrl Home Inc,28-Aug-18,4708,4668
2,14,Swanson Peterson Fnrl Home Inc,29-Aug-18,4797,4757
2,14,Swanson Peterson Fnrl Home Inc,30-Aug-18,4886,4846
2,14,Swanson Peterson Fnrl Home Inc,31-Aug-18,4975,4935
2,14,Swanson Peterson Fnrl Home Inc,1-Sep-18,4106,4066
2,14,Swanson Peterson Fnrl Home Inc,2-Sep-18,4486,4446
2,14,Swanson Peterson Fnrl Home Inc,3-Sep-18,4118,4478
2,14,Swanson Peterson Fnrl Home Inc,4-Sep-18,4150,4110
2,14,Swanson Peterson Fnrl Home Inc,5-Sep-18,2182,2242
3,15,Old Cider Mill Grove,6-Sep-18,214,174
3,15,Old Cider Mill Grove,7-Sep-18,246,206
3,15,Old Cider Mill Grove,8-Sep-18,278,238
3,15,Old Cider Mill Grove,9-Sep-18,310,270
3,15,Old Cider Mill Grove,10-Sep-18,342,302
3,15,Old Cider Mill Grove,11-Sep-18,374,334
3,15,Old Cider Mill Grove,12-Sep-18,406,366
3,15,Old Cider Mill Grove,13-Sep-18,438,398
3,15,Old Cider Mill Grove,14-Sep-18,470,430
3,15,Old Cider Mill Grove,15-Sep-18,502,462
3,15,Old Cider Mill Grove,16-Sep-18,534,494
3,15,Old Cider Mill Grove,17-Sep-18,566,526
4,16,Cooper Myers Y Co,18-Sep-18,3558,3518
4,16,Cooper Myers Y Co,19-Sep-18,4918,4878
4,16,Cooper Myers Y Co,20-Sep-18,4950,4910
4,16,Cooper Myers Y Co,21-Sep-18,4459,4419
4,16,Cooper Myers Y Co,22-Sep-18,3492,3452
4,16,Cooper Myers Y Co,23-Sep-18,3525,3485
4,16,Cooper Myers Y Co,24-Sep-18,3558,3518
4,16,Cooper Myers Y Co,25-Sep-18,3558,3518
4,16,Cooper Myers Y Co,26-Sep-18,4918,4878
4,16,Cooper Myers Y Co,27-Sep-18,4950,4910
4,16,Cooper Myers Y Co,28-Sep-18,4459,4419
4,16,Cooper Myers Y Co,29-Sep-18,3492,3452
5,17,Angelo International,30-Sep-18,3525,3485
5,17,Angelo International,1-Oct-18,3558,3518
5,17,Angelo International,2-Oct-18,3426,3386
5,17,Angelo International,3-Oct-18,3459,3419
5,17,Angelo International,4-Oct-18,3492,3452
5,17,Angelo International,5-Oct-18,3525,3485
5,17,Angelo International,6-Oct-18,4327,4287
5,17,Angelo International,7-Oct-18,3360,3320
5,17,Angelo International,8-Oct-18,3393,3353
5,17,Angelo International,9-Oct-18,3426,3386
5,17,Angelo International,10-Oct-18,3459,3419
5,17,Angelo International,11-Oct-18,3492,3452
6,18,"Blackley, William J Pa",12-Oct-18,3525,3485
6,18,"Blackley, William J Pa",13-Oct-18,4327,4287
6,18,"Blackley, William J Pa",14-Oct-18,3360,3320
6,18,"Blackley, William J Pa",15-Oct-18,3492,3452
6,18,"Blackley, William J Pa",16-Oct-18,3525,3485
6,18,"Blackley, William J Pa",17-Oct-18,4327,4287
6,18,"Blackley, William J Pa",18-Oct-18,3360,3320
6,18,"Blackley, William J Pa",19-Oct-18,3393,3353
6,18,"Blackley, William J Pa",20-Oct-18,3492,3452
6,18,"Blackley, William J Pa",21-Oct-18,3525,3485
6,18,"Blackley, William J Pa",22-Oct-18,4327,4287
6,18,"Blackley, William J Pa",23-Oct-18,3360,3320
6,19,Phoenix Phototype,24-Oct-18,3393,3353
1,19,Phoenix Phototype,25-Oct-18,2640,2600
1,19,Phoenix Phototype,26-Oct-18,2680,2640
1,19,Phoenix Phototype,27-Oct-18,1720,1680
5,19,Phoenix Phototype,28-Oct-18,760,720
1,19,Phoenix Phototype,29-Oct-18,2800,2760
1,19,Phoenix Phototype,30-Oct-18,2840,2800
1,19,Phoenix Phototype,31-Oct-18,3880,3840
1,19,Phoenix Phototype,1-Nov-18,920,880
6,19,Phoenix Phototype,2-Nov-18,3492,3452
1,19,Phoenix Phototype,3-Nov-18,3525,3485
1,19,Phoenix Phototype,4-Nov-18,4327,4287
2,20,Quartzite Processing Inc,5-Nov-18,3360,3320
2,20,Quartzite Processing Inc,6-Nov-18,3393,3353
2,20,Quartzite Processing Inc,7-Nov-18,2640,2600
2,20,Quartzite Processing Inc,8-Nov-18,2930,2890
2,20,Quartzite Processing Inc,9-Nov-18,2120,2200
2,20,Quartzite Processing Inc,10-Nov-18,2106,2000
2,20,Quartzite Processing Inc,11-Nov-18,2292,2252
2,20,Quartzite Processing Inc,12-Nov-18,2278,2238
2,20,Quartzite Processing Inc,13-Nov-18,2264,224
2,20,Quartzite Processing Inc,14-Nov-18,2250,2210
2,20,Quartzite Processing Inc,15-Nov-18,2129,2089
2,20,Quartzite Processing Inc,16-Nov-18,2162,2122
3,21,Biltmore Textile Co Inc,17-Nov-18,195,155
3,21,Biltmore Textile Co Inc,18-Nov-18,228,188
3,21,Biltmore Textile Co Inc,19-Nov-18,261,221
3,21,Biltmore Textile Co Inc,20-Nov-18,294,254
3,21,Biltmore Textile Co Inc,21-Nov-18,327,287
3,21,Biltmore Textile Co Inc,22-Nov-18,360,320
3,21,Biltmore Textile Co Inc,23-Nov-18,393,353
3,21,Biltmore Textile Co Inc,24-Nov-18,426,386
3,21,Biltmore Textile Co Inc,25-Nov-18,459,419
3,21,Biltmore Textile Co Inc,26-Nov-18,492,452
3,21,Biltmore Textile Co Inc,27-Nov-18,525,485
3,21,Biltmore Textile Co Inc,28-Nov-18,558,518
4,22,Gateway Refrigeration,29-Nov-18,591,551
4,22,Gateway Refrigeration,30-Nov-18,624,584
4,22,Gateway Refrigeration,1-Dec-18,657,617
4,22,Gateway Refrigeration,2-Dec-18,690,650
4,22,Gateway Refrigeration,3-Dec-18,723,683
4,22,Gateway Refrigeration,4-Dec-18,756,716
4,22,Gateway Refrigeration,5-Dec-18,789,749
4,22,Gateway Refrigeration,6-Dec-18,822,782
4,22,Gateway Refrigeration,7-Dec-18,855,815
4,22,Gateway Refrigeration,8-Dec-18,888,848
4,22,Gateway Refrigeration,9-Dec-18,921,881
4,22,Gateway Refrigeration,10-Dec-18,954,914
5,23,Anchorage Yamaha,11-Dec-18,600,480
5,23,Anchorage Yamaha,12-Dec-18,560,520
5,23,Anchorage Yamaha,13-Dec-18,640,600
5,23,Anchorage Yamaha,14-Dec-18,3426,3386
5,23,Anchorage Yamaha,15-Dec-18,3459,3419
5,23,Anchorage Yamaha,16-Dec-18,3492,3452
5,23,Anchorage Yamaha,17-Dec-18,3525,3485
5,23,Anchorage Yamaha,18-Dec-18,4327,4287
5,23,Anchorage Yamaha,19-Dec-18,3360,3320
5,23,Anchorage Yamaha,20-Dec-18,708,668
5,23,Anchorage Yamaha,21-Dec-18,797,757
5,23,Anchorage Yamaha,22-Dec-18,3426,3386
6,24,Wynns Precision Inc Az Div,23-Dec-18,3459,3419
6,24,Wynns Precision Inc Az Div,24-Dec-18,3492,3452
6,24,Wynns Precision Inc Az Div,25-Dec-18,3525,3485
6,24,Wynns Precision Inc Az Div,26-Dec-18,4327,4287
6,24,Wynns Precision Inc Az Div,27-Dec-18,3360,3320
6,24,Wynns Precision Inc Az Div,28-Dec-18,3492,3452
6,24,Wynns Precision Inc Az Div,29-Dec-18,3525,3485
6,24,Wynns Precision Inc Az Div,30-Dec-18,4327,4287
6,24,Wynns Precision Inc Az Div,31-Dec-18,3360,3320
6,24,Wynns Precision Inc Az Div,1-Jan-19,3393,3353
6,24,Wynns Precision Inc Az Div,2-Jan-19,3492,3452
6,24,Wynns Precision Inc Az Div,3-Jan-19,3525,3485
1,25,Paragon Cable Tv,4-Jan-19,4327,4287
1,25,Paragon Cable Tv,5-Jan-19,3360,3320
1,25,Paragon Cable Tv,6-Jan-19,3393,3353
1,25,Paragon Cable Tv,7-Jan-19,2502,2462
1,25,Paragon Cable Tv,8-Jan-19,2534,2494
1,25,Paragon Cable Tv,9-Jan-19,2566,2526
6,25,Paragon Cable Tv,10-Jan-19,3492,3452
1,25,Paragon Cable Tv,11-Jan-19,3525,3485
1,25,Paragon Cable Tv,12-Jan-19,4327,4287
5,25,Paragon Cable Tv,13-Jan-19,3360,3320
1,25,Paragon Cable Tv,14-Jan-19,3393,3353
1,25,Paragon Cable Tv,15-Jan-19,1758,1718
2,26,Eagle Computer Services Inc,16-Jan-19,2790,2750
2,26,Eagle Computer Services Inc,17-Jan-19,2822,2782
2,26,Eagle Computer Services Inc,18-Jan-19,2854,2814
2,26,Eagle Computer Services Inc,19-Jan-19,2886,2846
2,26,Eagle Computer Services Inc,20-Jan-19,2918,2878
2,26,Eagle Computer Services Inc,21-Jan-19,2950,2910
2,26,Eagle Computer Services Inc,22-Jan-19,2178,2138
2,26,Eagle Computer Services Inc,23-Jan-19,2250,2210
2,26,Eagle Computer Services Inc,24-Jan-19,2322,2282
2,26,Eagle Computer Services Inc,25-Jan-19,2394,2354
2,26,Eagle Computer Services Inc,26-Jan-19,2466,2426
2,26,Eagle Computer Services Inc,27-Jan-19,2538,2498
3,27,Kansas Association Ins Agtts,28-Jan-19,610,570
3,27,Kansas Association Ins Agtts,29-Jan-19,682,642
3,27,Kansas Association Ins Agtts,30-Jan-19,754,714
3,27,Kansas Association Ins Agtts,31-Jan-19,826,786
3,27,Kansas Association Ins Agtts,1-Feb-19,898,858
3,27,Kansas Association Ins Agtts,2-Feb-19,970,930
3,27,Kansas Association Ins Agtts,3-Feb-19,540,485
3,27,Kansas Association Ins Agtts,4-Feb-19,160,120
3,27,Kansas Association Ins Agtts,5-Feb-19,4200,160
3,27,Kansas Association Ins Agtts,6-Feb-19,4240,4200
3,27,Kansas Association Ins Agtts,7-Feb-19,4280,4240
3,27,Kansas Association Ins Agtts,8-Feb-19,4320,4280
4,28,"Di Giacomo, Richard F Esq",9-Feb-19,360,320
4,28,"Di Giacomo, Richard F Esq",10-Feb-19,400,360
4,28,"Di Giacomo, Richard F Esq",11-Feb-19,440,400
4,28,"Di Giacomo, Richard F Esq",12-Feb-19,480,440
4,28,"Di Giacomo, Richard F Esq",13-Feb-19,520,480
4,28,"Di Giacomo, Richard F Esq",14-Feb-19,560,520
4,28,"Di Giacomo, Richard F Esq",15-Feb-19,600,560
4,28,"Di Giacomo, Richard F Esq",16-Feb-19,640,600
4,28,"Di Giacomo, Richard F Esq",17-Feb-19,680,640
4,28,"Di Giacomo, Richard F Esq",18-Feb-19,720,680
4,28,"Di Giacomo, Richard F Esq",19-Feb-19,760,720
4,28,"Di Giacomo, Richard F Esq",20-Feb-19,800,760
5,29,"Butler, Frank B Esq",21-Feb-19,840,800
5,29,"Butler, Frank B Esq",22-Feb-19,880,840
5,29,"Butler, Frank B Esq",23-Feb-19,920,880
5,29,"Butler, Frank B Esq",24-Feb-19,960,920
5,29,"Butler, Frank B Esq",25-Feb-19,600,600
5,29,"Butler, Frank B Esq",26-Feb-19,640,600
5,29,"Butler, Frank B Esq",27-Feb-19,3426,3386
5,29,"Butler, Frank B Esq",28-Feb-19,3459,3419
5,29,"Butler, Frank B Esq",1-Mar-19,3492,3452
5,29,"Butler, Frank B Esq",2-Mar-19,3525,3485
5,29,"Butler, Frank B Esq",3-Mar-19,4327,4287
5,29,"Butler, Frank B Esq",4-Mar-19,3360,3320
6,30,Alphagraphics Printshops,5-Mar-19,3393,3353
6,30,Alphagraphics Printshops,6-Mar-19,3492,3452
6,30,Alphagraphics Printshops,7-Mar-19,3525,3485
6,30,Alphagraphics Printshops,8-Mar-19,4327,4287
6,30,Alphagraphics Printshops,9-Mar-19,3360,3320
6,30,Alphagraphics Printshops,10-Mar-19,3393,3353
6,30,Alphagraphics Printshops,11-Mar-19,3492,3452
6,30,Alphagraphics Printshops,12-Mar-19,3525,3485
6,30,Alphagraphics Printshops,13-Mar-19,4327,4287
6,30,Alphagraphics Printshops,14-Mar-19,3360,3320
6,30,Alphagraphics Printshops,15-Mar-19,3393,3353
6,30,Alphagraphics Printshops,16-Mar-19,360,320
1,31,Voyager Travel Service,17-Mar-19,1393,1353
1,31,Voyager Travel Service,18-Mar-19,1426,1386
1,31,Voyager Travel Service,19-Mar-19,1459,1419
6,31,Voyager Travel Service,20-Mar-19,3492,3452
1,31,Voyager Travel Service,21-Mar-19,3525,3485
1,31,Voyager Travel Service,22-Mar-19,4327,4287
1,31,Voyager Travel Service,23-Mar-19,3360,3320
1,31,Voyager Travel Service,24-Mar-19,3393,3353
1,31,Voyager Travel Service,25-Mar-19,1657,1617
1,31,Voyager Travel Service,26-Mar-19,1690,1650
1,31,Voyager Travel Service,27-Mar-19,1723,1683
1,31,Voyager Travel Service,28-Mar-19,1756,1716
2,32,N Amer Plast & Chemls Co Inc,29-Mar-19,2789,2749
2,32,N Amer Plast & Chemls Co Inc,30-Mar-19,2822,2782
2,32,N Amer Plast & Chemls Co Inc,31-Mar-19,2855,2815
2,32,N Amer Plast & Chemls Co Inc,1-Apr-19,2888,2848
2,32,N Amer Plast & Chemls Co Inc,2-Apr-19,2921,2881
2,32,N Amer Plast & Chemls Co Inc,3-Apr-19,2954,2914
2,32,N Amer Plast & Chemls Co Inc,4-Apr-19,2600,2480
2,32,N Amer Plast & Chemls Co Inc,5-Apr-19,2560,2520
2,32,N Amer Plast & Chemls Co Inc,6-Apr-19,2640,2600
2,32,N Amer Plast & Chemls Co Inc,7-Apr-19,2174,2134
2,32,N Amer Plast & Chemls Co Inc,8-Apr-19,2263,2223
2,32,N Amer Plast & Chemls Co Inc,9-Apr-19,2352,2312
3,33,D L Downing General Contr Inc,10-Apr-19,4441,4401
3,33,D L Downing General Contr Inc,11-Apr-19,4530,4490
3,33,D L Downing General Contr Inc,12-Apr-19,4619,4579
3,33,D L Downing General Contr Inc,13-Apr-19,4708,4668
3,33,D L Downing General Contr Inc,14-Apr-19,4797,4757
3,33,D L Downing General Contr Inc,15-Apr-19,4886,4846
3,33,D L Downing General Contr Inc,16-Apr-19,4975,4935
3,33,D L Downing General Contr Inc,17-Apr-19,4106,4066
3,33,D L Downing General Contr Inc,18-Apr-19,2286,2246
3,33,D L Downing General Contr Inc,19-Apr-19,2218,2200
3,33,D L Downing General Contr Inc,20-Apr-19,2150,2110
3,33,D L Downing General Contr Inc,21-Apr-19,2182,2142
4,34,Community Insurance Agy Inc,22-Apr-19,214,174
4,34,Community Insurance Agy Inc,23-Apr-19,246,206
4,34,Community Insurance Agy Inc,24-Apr-19,278,238
4,34,Community Insurance Agy Inc,25-Apr-19,310,270
4,34,Community Insurance Agy Inc,26-Apr-19,342,302
4,34,Community Insurance Agy Inc,27-Apr-19,374,334
4,34,Community Insurance Agy Inc,28-Apr-19,406,366
4,34,Community Insurance Agy Inc,29-Apr-19,438,398
4,34,Community Insurance Agy Inc,30-Apr-19,470,430
4,34,Community Insurance Agy Inc,1-May-19,502,462
4,34,Community Insurance Agy Inc,2-May-19,534,494
4,34,Community Insurance Agy Inc,3-May-19,566,526
5,35,House Of Ing,4-May-19,598,558
5,35,House Of Ing,5-May-19,3426,3386
5,35,House Of Ing,6-May-19,3459,3419
5,35,House Of Ing,7-May-19,3492,3452
5,35,House Of Ing,8-May-19,3525,3485
5,35,House Of Ing,9-May-19,4327,4287
5,35,House Of Ing,10-May-19,3360,3320
5,35,House Of Ing,11-May-19,3525,3485
5,35,House Of Ing,12-May-19,4327,4287
5,35,House Of Ing,13-May-19,3360,3320
5,35,House Of Ing,14-May-19,3393,3353
5,35,House Of Ing,15-May-19,950,910
6,36,Vei Inc,16-May-19,3492,3452
6,36,Vei Inc,17-May-19,3525,3485
6,36,Vei Inc,18-May-19,4327,4287
6,36,Vei Inc,19-May-19,3360,3320
6,36,Vei Inc,20-May-19,3393,3353
6,36,Vei Inc,21-May-19,3492,3452
6,36,Vei Inc,22-May-19,3525,3485
6,36,Vei Inc,23-May-19,4327,4287
6,36,Vei Inc,24-May-19,3360,3320
6,36,Vei Inc,25-May-19,3393,3353
6,36,Vei Inc,26-May-19,3492,3452
6,36,Vei Inc,27-May-19,3525,3485
6,37,"Hanna, Robert J Esq",28-May-19,4327,4287
1,37,"Hanna, Robert J Esq",29-May-19,3360,3320
1,37,"Hanna, Robert J Esq",30-May-19,3393,3353
1,37,"Hanna, Robert J Esq",31-May-19,1240,1200
1,37,"Hanna, Robert J Esq",1-Jun-19,3280,3240
1,37,"Hanna, Robert J Esq",2-Jun-19,1320,1280
1,37,"Hanna, Robert J Esq",3-Jun-19,1360,1320
1,37,"Hanna, Robert J Esq",4-Jun-19,1400,1360
1,37,"Hanna, Robert J Esq",5-Jun-19,1440,1400
6,37,"Hanna, Robert J Esq",6-Jun-19,3492,3452
1,37,"Hanna, Robert J Esq",7-Jun-19,3525,3485
1,37,"Hanna, Robert J Esq",8-Jun-19,4327,4287
2,38,Design Rite Homes Inc,9-Jun-19,3360,3320
2,38,Design Rite Homes Inc,10-Jun-19,3393,3353
2,38,Design Rite Homes Inc,11-Jun-19,2680,2640
2,38,Design Rite Homes Inc,12-Jun-19,2720,2680
2,38,Design Rite Homes Inc,13-Jun-19,2760,720
2,38,Design Rite Homes Inc,14-Jun-19,2800,2760
2,38,Design Rite Homes Inc,15-Jun-19,2840,2800
2,38,Design Rite Homes Inc,16-Jun-19,2880,2840
2,38,Design Rite Homes Inc,17-Jun-19,2920,2880
2,38,Design Rite Homes Inc,18-Jun-19,2960,2920
2,38,Design Rite Homes Inc,19-Jun-19,2600,2600
2,38,Design Rite Homes Inc,20-Jun-19,2640,2600
3,39,State Library,21-Jun-19,2290,2250
3,39,State Library,22-Jun-19,2350,2310
3,39,State Library,23-Jun-19,2640,2600
3,39,State Library,24-Jun-19,2930,2890
3,39,State Library,25-Jun-19,2120,2100
3,39,State Library,26-Jun-19,2106,2066
3,39,State Library,27-Jun-19,2292,2252
3,39,State Library,28-Jun-19,2278,2238
3,39,State Library,29-Jun-19,2264,2224
3,39,State Library,30-Jun-19,2250,2210
3,39,State Library,1-Jul-19,2129,2189
3,39,State Library,2-Jul-19,2162,2122
4,40,Vista Grande Baptist Church,3-Jul-19,195,155
4,40,Vista Grande Baptist Church,4-Jul-19,228,188
4,40,Vista Grande Baptist Church,5-Jul-19,261,221
4,40,Vista Grande Baptist Church,6-Jul-19,294,254
4,40,Vista Grande Baptist Church,7-Jul-19,327,287
4,40,Vista Grande Baptist Church,8-Jul-19,360,320
4,40,Vista Grande Baptist Church,9-Jul-19,393,353
4,40,Vista Grande Baptist Church,10-Jul-19,426,386
4,40,Vista Grande Baptist Church,11-Jul-19,459,419
4,40,Vista Grande Baptist Church,12-Jul-19,492,452
4,40,Vista Grande Baptist Church,13-Jul-19,525,485
4,40,Vista Grande Baptist Church,14-Jul-19,558,518
5,41,Poole Publications Inc,15-Jul-19,591,551
5,41,Poole Publications Inc,16-Jul-19,624,584
5,41,Poole Publications Inc,17-Jul-19,657,617
5,41,Poole Publications Inc,18-Jul-19,3426,3386
5,41,Poole Publications Inc,19-Jul-19,3459,3419
5,41,Poole Publications Inc,20-Jul-19,3492,3452
5,41,Poole Publications Inc,21-Jul-19,3525,3485
5,41,Poole Publications Inc,22-Jul-19,4327,4287
5,41,Poole Publications Inc,23-Jul-19,3360,3320
5,41,Poole Publications Inc,24-Jul-19,3393,3353
5,41,Poole Publications Inc,25-Jul-19,3426,3386
5,41,Poole Publications Inc,26-Jul-19,3459,3419
6,42,Affilated Consulting Group Inc,27-Jul-19,3492,3452
6,42,Affilated Consulting Group Inc,28-Jul-19,3525,3485
6,42,Affilated Consulting Group Inc,29-Jul-19,4327,4287
6,42,Affilated Consulting Group Inc,30-Jul-19,3360,3320
6,42,Affilated Consulting Group Inc,31-Jul-19,263,223
6,42,Affilated Consulting Group Inc,1-Aug-19,352,312
6,42,Affilated Consulting Group Inc,2-Aug-19,441,401
6,42,Affilated Consulting Group Inc,3-Aug-19,530,490
6,42,Affilated Consulting Group Inc,4-Aug-19,619,579
6,42,Affilated Consulting Group Inc,5-Aug-19,708,668
6,42,Affilated Consulting Group Inc,6-Aug-19,797,757
6,42,Affilated Consulting Group Inc,7-Aug-19,886,846
1,43,Affilated Consulting Group Inc,8-Aug-19,1975,1935
1,43,Affilated Consulting Group Inc,9-Aug-19,1106,1100
1,43,Affilated Consulting Group Inc,10-Aug-19,1186,1146
1,43,Affilated Consulting Group Inc,11-Aug-19,1118,1100
1,43,Affilated Consulting Group Inc,12-Aug-19,1150,1110
1,43,Affilated Consulting Group Inc,13-Aug-19,1182,1142
6,43,Affilated Consulting Group Inc,14-Aug-19,214,174
1,43,Affilated Consulting Group Inc,15-Aug-19,1246,1206
1,43,Affilated Consulting Group Inc,16-Aug-19,1278,1238
1,43,Affilated Consulting Group Inc,17-Aug-19,1310,1270
1,43,Affilated Consulting Group Inc,18-Aug-19,1342,1302
1,43,Affilated Consulting Group Inc,19-Aug-19,1374,1334
2,44,Northwestern Mutual Life Ins,20-Aug-19,2406,2366
2,44,Northwestern Mutual Life Ins,21-Aug-19,2438,2398
2,44,Northwestern Mutual Life Ins,22-Aug-19,2470,2430
2,44,Northwestern Mutual Life Ins,23-Aug-19,2502,2462
2,44,Northwestern Mutual Life Ins,24-Aug-19,2534,2494
2,44,Northwestern Mutual Life Ins,25-Aug-19,2566,2526
2,44,Northwestern Mutual Life Ins,26-Aug-19,2598,2558
2,44,Northwestern Mutual Life Ins,27-Aug-19,2630,2590
2,44,Northwestern Mutual Life Ins,28-Aug-19,2662,2622
2,44,Northwestern Mutual Life Ins,29-Aug-19,2694,2654
2,44,Northwestern Mutual Life Ins,30-Aug-19,2726,2686
2,44,Northwestern Mutual Life Ins,31-Aug-19,2758,2718
3,45,Helricks Inc,1-Sep-19,2790,2750
3,45,Helricks Inc,2-Sep-19,2822,2782
3,45,Helricks Inc,3-Sep-19,2854,2814
3,45,Helricks Inc,4-Sep-19,4886,4846
3,45,Helricks Inc,5-Sep-19,4918,4878
3,45,Helricks Inc,6-Sep-19,4950,4910
3,45,Helricks Inc,7-Sep-19,4459,4419
3,45,Helricks Inc,8-Sep-19,3492,3452
3,45,Helricks Inc,9-Sep-19,3525,3485
3,45,Helricks Inc,10-Sep-19,3558,3518
3,45,Helricks Inc,11-Sep-19,3591,3551
3,45,Helricks Inc,12-Sep-19,3624,3584
4,46,"Wynn, Mary Ellen Esq",13-Sep-19,657,617
4,46,"Wynn, Mary Ellen Esq",14-Sep-19,690,650
4,46,"Wynn, Mary Ellen Esq",15-Sep-19,723,683
4,46,"Wynn, Mary Ellen Esq",16-Sep-19,756,716
4,46,"Wynn, Mary Ellen Esq",17-Sep-19,789,749
4,46,"Wynn, Mary Ellen Esq",18-Sep-19,822,782
4,46,"Wynn, Mary Ellen Esq",19-Sep-19,855,815
4,46,"Wynn, Mary Ellen Esq",20-Sep-19,888,848
4,46,"Wynn, Mary Ellen Esq",21-Sep-19,921,881
4,46,"Wynn, Mary Ellen Esq",22-Sep-19,954,914
4,46,"Wynn, Mary Ellen Esq",23-Sep-19,600,480
4,46,"Wynn, Mary Ellen Esq",24-Sep-19,560,520
5,47,Mackraft Signs,25-Sep-19,640,600
5,47,Mackraft Signs,26-Sep-19,3426,3386
5,47,Mackraft Signs,27-Sep-19,3459,3419
5,47,Mackraft Signs,28-Sep-19,3492,3452
5,47,Mackraft Signs,29-Sep-19,3525,3485
5,47,Mackraft Signs,30-Sep-19,4327,4287
5,47,Mackraft Signs,1-Oct-19,3360,3320
5,47,Mackraft Signs,2-Oct-19,3393,3353
5,47,Mackraft Signs,3-Oct-19,797,757
5,47,Mackraft Signs,4-Oct-19,886,846
5,47,Mackraft Signs,5-Oct-19,975,935
5,47,Mackraft Signs,6-Oct-19,3459,3419
6,48,Ansaring Answering Service,7-Oct-19,3492,3452
6,48,Ansaring Answering Service,8-Oct-19,3525,3485
6,48,Ansaring Answering Service,9-Oct-19,4327,4287
6,48,Ansaring Answering Service,10-Oct-19,3360,3320
6,48,Ansaring Answering Service,11-Oct-19,3393,3353
6,48,Ansaring Answering Service,12-Oct-19,3492,3452
6,48,Ansaring Answering Service,13-Oct-19,3525,3485
6,48,Ansaring Answering Service,14-Oct-19,4327,4287
6,48,Ansaring Answering Service,15-Oct-19,3360,3320
6,48,Ansaring Answering Service,16-Oct-19,3393,3353
6,48,Ansaring Answering Service,17-Oct-19,3492,3452
6,48,Ansaring Answering Service,18-Oct-19,3525,3485
1,49,Joiner & Goudeau Law Offices,19-Oct-19,4327,4287
1,49,Joiner & Goudeau Law Offices,20-Oct-19,3360,3320
1,49,Joiner & Goudeau Law Offices,21-Oct-19,3393,3353
6,49,Joiner & Goudeau Law Offices,22-Oct-19,3492,3452
1,49,Joiner & Goudeau Law Offices,23-Oct-19,3525,3485
1,49,Joiner & Goudeau Law Offices,24-Oct-19,4327,4287
1,49,Joiner & Goudeau Law Offices,25-Oct-19,3360,3320
1,49,Joiner & Goudeau Law Offices,26-Oct-19,3393,3353
1,49,Joiner & Goudeau Law Offices,27-Oct-19,1726,1686
1,49,Joiner & Goudeau Law Offices,28-Oct-19,1758,1718
1,49,Joiner & Goudeau Law Offices,29-Oct-19,1790,1750
1,49,Joiner & Goudeau Law Offices,30-Oct-19,1822,1782
6,1,Panwar Traders,31-Oct-19,3492,3452
1,1,Panwar Traders,1-Nov-19,3525,3485
1,1,Panwar Traders,2-Nov-19,4327,4287
1,1,Panwar Traders,3-Nov-19,3360,3320
1,1,Panwar Traders,4-Nov-19,3393,3353
1,1,Panwar Traders,5-Nov-19,1250,1210
1,1,Panwar Traders,6-Nov-19,1322,1282
1,1,Panwar Traders,7-Nov-19,1394,1354
1,1,Panwar Traders,8-Nov-19,1466,1426
6,1,Panwar Traders,9-Nov-19,3492,3452
1,1,Panwar Traders,10-Nov-19,3525,3485
1,1,Panwar Traders,11-Nov-19,4327,4287
2,2,Diwan Singh & Sons,12-Nov-19,3360,3320
2,2,Diwan Singh & Sons,13-Nov-19,3393,3353
2,2,Diwan Singh & Sons,14-Nov-19,2898,2858
2,2,Diwan Singh & Sons,15-Nov-19,2970,2930
2,2,Diwan Singh & Sons,16-Nov-19,2540,2485
2,2,Diwan Singh & Sons,17-Nov-19,2160,2120
2,2,Diwan Singh & Sons,18-Nov-19,2200,2160
2,2,Diwan Singh & Sons,19-Nov-19,2240,2200
2,2,Diwan Singh & Sons,20-Nov-19,2280,2240
2,2,Diwan Singh & Sons,21-Nov-19,2320,2280
2,2,Diwan Singh & Sons,22-Nov-19,2360,2320
2,2,Diwan Singh & Sons,23-Nov-19,2400,2360
3,3,Datta Steel Mart,24-Nov-19,3440,3400
3,3,Datta Steel Mart,25-Nov-19,3480,3440
3,3,Datta Steel Mart,26-Nov-19,3520,3480
3,3,Datta Steel Mart,27-Nov-19,3560,3520
3,3,Datta Steel Mart,28-Nov-19,3600,3560
3,3,Datta Steel Mart,29-Nov-19,3640,3600
3,3,Datta Steel Mart,30-Nov-19,3680,3640
3,3,Datta Steel Mart,1-Dec-19,3720,3680
3,3,Datta Steel Mart,2-Dec-19,3760,3720
3,3,Datta Steel Mart,3-Dec-19,3800,3760
3,3,Datta Steel Mart,4-Dec-19,3840,3800
3,3,Datta Steel Mart,5-Dec-19,3880,3840
4,4,Morris Downing & Sherred,6-Dec-19,920,880
4,4,Morris Downing & Sherred,7-Dec-19,960,920
4,4,Morris Downing & Sherred,8-Dec-19,600,600
4,4,Morris Downing & Sherred,9-Dec-19,640,600
4,4,Morris Downing & Sherred,10-Dec-19,90,50
4,4,Morris Downing & Sherred,11-Dec-19,350,310
4,4,Morris Downing & Sherred,12-Dec-19,640,600
4,4,Morris Downing & Sherred,13-Dec-19,930,890
4,4,Morris Downing & Sherred,14-Dec-19,120,80
4,4,Morris Downing & Sherred,15-Dec-19,106,66
4,4,Morris Downing & Sherred,16-Dec-19,92,52
4,4,Morris Downing & Sherred,17-Dec-19,78,38
5,5,"Buelt, David L Esq",18-Dec-19,3426,3386
5,5,"Buelt, David L Esq",19-Dec-19,3459,3419
5,5,"Buelt, David L Esq",20-Dec-19,3492,3452
5,5,"Buelt, David L Esq",21-Dec-19,3525,3485
5,5,"Buelt, David L Esq",22-Dec-19,4327,4287
5,5,"Buelt, David L Esq",23-Dec-19,3360,3320
5,5,"Buelt, David L Esq",24-Dec-19,3426,3386
5,5,"Buelt, David L Esq",25-Dec-19,3459,3419
5,5,"Buelt, David L Esq",26-Dec-19,3492,3452
5,5,"Buelt, David L Esq",27-Dec-19,3525,3485
5,5,"Buelt, David L Esq",28-Dec-19,4327,4287
5,5,"Buelt, David L Esq",29-Dec-19,3360,3320
6,6,Artesian Ice & Cold Storage Co,30-Dec-19,3492,3452
6,6,Artesian Ice & Cold Storage Co,31-Dec-19,3525,3485
6,6,Artesian Ice & Cold Storage Co,1-Jan-20,4327,4287
6,6,Artesian Ice & Cold Storage Co,2-Jan-20,3360,3320
6,6,Artesian Ice & Cold Storage Co,3-Jan-20,3393,3353
6,6,Artesian Ice & Cold Storage Co,4-Jan-20,3492,3452
6,6,Artesian Ice & Cold Storage Co,5-Jan-20,3525,3485
6,6,Artesian Ice & Cold Storage Co,6-Jan-20,4327,4287
6,6,Artesian Ice & Cold Storage Co,7-Jan-20,3360,3320
6,6,Artesian Ice & Cold Storage Co,8-Jan-20,3393,3353
6,6,Artesian Ice & Cold Storage Co,9-Jan-20,3492,3452
6,6,Artesian Ice & Cold Storage Co,10-Jan-20,3525,3485
1,7,Midway Hotel,11-Jan-20,4327,4287
1,7,Midway Hotel,12-Jan-20,3360,3320
1,7,Midway Hotel,13-Jan-20,3393,3353
1,7,Midway Hotel,14-Jan-20,1954,1914
1,7,Midway Hotel,15-Jan-20,1600,1480
1,7,Midway Hotel,16-Jan-20,1560,1520
6,7,Midway Hotel,17-Jan-20,3492,3452
1,7,Midway Hotel,18-Jan-20,3525,3485
1,7,Midway Hotel,19-Jan-20,4327,4287
1,7,Midway Hotel,20-Jan-20,3360,3320
1,7,Midway Hotel,21-Jan-20,3393,3353
1,7,Midway Hotel,22-Jan-20,1530,1490
2,8,"Selsor, Robert J Esq",23-Jan-20,2619,2579
2,8,"Selsor, Robert J Esq",24-Jan-20,2708,2668
2,8,"Selsor, Robert J Esq",25-Jan-20,2797,2757
2,8,"Selsor, Robert J Esq",26-Jan-20,2886,2846
2,8,"Selsor, Robert J Esq",27-Jan-20,2975,2935
2,8,"Selsor, Robert J Esq",28-Jan-20,2106,2006
2,8,"Selsor, Robert J Esq",29-Jan-20,2286,2246
2,8,"Selsor, Robert J Esq",30-Jan-20,2118,2278
2,8,"Selsor, Robert J Esq",31-Jan-20,2150,2110
2,8,"Selsor, Robert J Esq",1-Feb-20,2182,2142
2,8,"Selsor, Robert J Esq",2-Feb-20,2214,2174
2,8,"Selsor, Robert J Esq",3-Feb-20,2246,2206
3,9,Vincent J Petti & Co,4-Feb-20,3278,3238
3,9,Vincent J Petti & Co,5-Feb-20,2310,2270
3,9,Vincent J Petti & Co,6-Feb-20,2342,2302
3,9,Vincent J Petti & Co,7-Feb-20,2374,2334
3,9,Vincent J Petti & Co,8-Feb-20,2406,2366
3,9,Vincent J Petti & Co,9-Feb-20,2438,2398
3,9,Vincent J Petti & Co,10-Feb-20,2470,2430
3,9,Vincent J Petti & Co,11-Feb-20,2502,2462
3,9,Vincent J Petti & Co,12-Feb-20,2534,2494
3,9,Vincent J Petti & Co,13-Feb-20,3566,3333
3,9,Vincent J Petti & Co,14-Feb-20,3598,3558
3,9,Vincent J Petti & Co,15-Feb-20,3630,3590
4,10,"Prentiss, Paul F Esq",16-Feb-20,662,622
4,10,"Prentiss, Paul F Esq",17-Feb-20,694,654
4,10,"Prentiss, Paul F Esq",18-Feb-20,726,686
4,10,"Prentiss, Paul F Esq",19-Feb-20,758,718
4,10,"Prentiss, Paul F Esq",20-Feb-20,790,750
4,10,"Prentiss, Paul F Esq",21-Feb-20,822,782
4,10,"Prentiss, Paul F Esq",22-Feb-20,854,814
4,10,"Prentiss, Paul F Esq",23-Feb-20,886,846
4,10,"Prentiss, Paul F Esq",24-Feb-20,918,878
4,10,"Prentiss, Paul F Esq",25-Feb-20,950,910
4,10,"Prentiss, Paul F Esq",26-Feb-20,178,138
4,10,"Prentiss, Paul F Esq",27-Feb-20,250,210
5,11,Public Works Department,28-Feb-20,322,282
5,11,Public Works Department,29-Feb-20,394,354
5,11,Public Works Department,1-Mar-20,3426,3386
5,11,Public Works Department,2-Mar-20,3459,3419
5,11,Public Works Department,3-Mar-20,3492,3452
5,11,Public Works Department,4-Mar-20,3525,3485
5,11,Public Works Department,5-Mar-20,4327,4287
5,11,Public Works Department,6-Mar-20,3360,3320
5,11,Public Works Department,7-Mar-20,898,858
5,11,Public Works Department,8-Mar-20,970,930
5,11,Public Works Department,9-Mar-20,540,485
5,11,Public Works Department,10-Mar-20,160,120
6,12,Prudential Lighting Corp,11-Mar-20,3492,3452
6,12,Prudential Lighting Corp,12-Mar-20,3525,3485
6,12,Prudential Lighting Corp,13-Mar-20,4327,4287
6,12,Prudential Lighting Corp,14-Mar-20,3360,3320
6,12,Prudential Lighting Corp,15-Mar-20,3393,3353
6,12,Prudential Lighting Corp,16-Mar-20,3492,3452
6,12,Prudential Lighting Corp,17-Mar-20,3525,3485
6,12,Prudential Lighting Corp,18-Mar-20,4327,4287
6,12,Prudential Lighting Corp,19-Mar-20,3360,3320
6,12,Prudential Lighting Corp,20-Mar-20,3393,3353
6,12,Prudential Lighting Corp,21-Mar-20,3492,3452
6,12,Prudential Lighting Corp,22-Mar-20,3525,3485
1,13,"Wood, J Scott Esq",23-Mar-20,4327,4287
1,13,"Wood, J Scott Esq",24-Mar-20,3360,3320
1,13,"Wood, J Scott Esq",25-Mar-20,3393,3353
1,13,"Wood, J Scott Esq",26-Mar-20,1800,1760
1,13,"Wood, J Scott Esq",27-Mar-20,1840,1800
1,13,"Wood, J Scott Esq",28-Mar-20,1880,1840
6,13,"Wood, J Scott Esq",29-Mar-20,920,880
1,13,"Wood, J Scott Esq",30-Mar-20,1960,1920
1,13,"Wood, J Scott Esq",31-Mar-20,1600,1600
1,13,"Wood, J Scott Esq",1-Apr-20,1640,1600
1,13,"Wood, J Scott Esq",2-Apr-20,1190,1150
